"NAME","TARIFF_NAME"
Yasemin,Kobiye Destek
Sevim,Kobiye Destek
Fatih,Kobiye Destek
Özlem,Kobiye Destek
İbrahim,Kobiye Destek
Elif,Kobiye Destek
Halil,Kobiye Destek
Yusuf,Kobiye Destek
Hülya,Kobiye Destek
Esra,Kobiye Destek
Ali,Kobiye Destek
Rabia,Kobiye Destek
Büşra,Kobiye Destek
Ayşegül,Kobiye Destek
Sevim,Kobiye Destek
Hülya,Kobiye Destek
Songül,Kobiye Destek
Fatma,Kobiye Destek
Aynur,Kobiye Destek
Serkan,Kobiye Destek
Emre,Kobiye Destek
Mahmut,Kobiye Destek
Hüseyin,Kobiye Destek
Osman,Kobiye Destek
Sevim,Kobiye Destek
Yağmur,Kobiye Destek
Yasin,Kobiye Destek
Abdullah,Kobiye Destek
Halil,Kobiye Destek
Hakan,Kobiye Destek
Burak,Kobiye Destek
Murat,Kobiye Destek
Rabia,Kobiye Destek
Ayşe,Kobiye Destek
İbrahim,Kobiye Destek
Melek,Kobiye Destek
Zehra,Kobiye Destek
Emine,Kobiye Destek
Murat,Kobiye Destek
Mehmet,Kobiye Destek
Enes,Kobiye Destek
Ali,Kobiye Destek
Songül,Kobiye Destek
Aysel,Kobiye Destek
Serkan,Kobiye Destek
Emre,Kobiye Destek
Enes,Kobiye Destek
Metin,Kobiye Destek
Havva,Kobiye Destek
Songül,Kobiye Destek
Enes,Kobiye Destek
Kadir,Kobiye Destek
Hatice,Kobiye Destek
Fatih,Kobiye Destek
Sultan,Kobiye Destek
Halil,Kobiye Destek
Ayşe,Kobiye Destek
Büşra,Kobiye Destek
Ayşegül,Kobiye Destek
Ramazan,Kobiye Destek
Murat,Kobiye Destek
Yusuf,Kobiye Destek
Sevim,Kobiye Destek
Yağmur,Kobiye Destek
Ali,Kobiye Destek
Yasemin,Kobiye Destek
Osman,Kobiye Destek
Songül,Kobiye Destek
Merve,Kobiye Destek
Yağmur,Kobiye Destek
Adem,Kobiye Destek
Hülya,Kobiye Destek
Kübra,Kobiye Destek
Sevim,Kobiye Destek
Burak,Kobiye Destek
Rabia,Kobiye Destek
Özlem,Kobiye Destek
Ramazan,Kobiye Destek
Hasan,Kobiye Destek
Elif,Kobiye Destek
Sevim,Kobiye Destek
Fatih,Kobiye Destek
Dilek,Kobiye Destek
Özlem,Kobiye Destek
Melek,Kobiye Destek
Muhammed,Kobiye Destek
Aynur,Kobiye Destek
Aynur,Kobiye Destek
Hülya,Kobiye Destek
Aysel,Kobiye Destek
Yağmur,Kobiye Destek
Melek,Kobiye Destek
Ahmet,Kobiye Destek
Hatice,Kobiye Destek
Büşra,Kobiye Destek
Rabia,Kobiye Destek
Süleyman,Kobiye Destek
Aysel,Kobiye Destek
Fatma,Kobiye Destek
Emine,Kobiye Destek
Metin,Kobiye Destek
Aysel,Kobiye Destek
İbrahim,Kobiye Destek
Merve,Kobiye Destek
Fadime,Kobiye Destek
Osman,Kobiye Destek
Emre,Kobiye Destek
Fatih,Kobiye Destek
Sultan,Kobiye Destek
Sultan,Kobiye Destek
Ahmet,Kobiye Destek
Emre,Kobiye Destek
Ramazan,Kobiye Destek
Muhammed,Kobiye Destek
Ahmet,Kobiye Destek
Songül,Kobiye Destek
Murat,Kobiye Destek
Osman,Kobiye Destek
Süleyman,Kobiye Destek
Emine,Kobiye Destek
Serkan,Kobiye Destek
Merve,Kobiye Destek
Leyla,Kobiye Destek
Ayşe,Kobiye Destek
Osman,Kobiye Destek
Mustafa,Kobiye Destek
Fatih,Kobiye Destek
Hakan,Kobiye Destek
Özlem,Kobiye Destek
Halil,Kobiye Destek
Osman,Kobiye Destek
Muhammed,Kobiye Destek
Mehmet,Kobiye Destek
Fadime,Kobiye Destek
Furkan,Kobiye Destek
İbrahim,Kobiye Destek
Havva,Kobiye Destek
Serkan,Kobiye Destek
Rabia,Kobiye Destek
Muhammed,Kobiye Destek
Kadir,Kobiye Destek
Sultan,Kobiye Destek
Enes,Kobiye Destek
Sultan,Kobiye Destek
Enes,Kobiye Destek
Hakan,Kobiye Destek
Aysel,Kobiye Destek
Aysel,Kobiye Destek
Fadime,Kobiye Destek
Havva,Kobiye Destek
Enes,Kobiye Destek
Meryem,Kobiye Destek
Aysel,Kobiye Destek
Hüseyin,Kobiye Destek
Serkan,Kobiye Destek
Burak,Kobiye Destek
Rabia,Kobiye Destek
Fadime,Kobiye Destek
Ahmet,Kobiye Destek
Rabia,Kobiye Destek
Furkan,Kobiye Destek
Yağmur,Kobiye Destek
Mustafa,Kobiye Destek
Melek,Kobiye Destek
Emine,Kobiye Destek
Halil,Kobiye Destek
Özlem,Kobiye Destek
Osman,Kobiye Destek
Yasemin,Kobiye Destek
Zehra,Kobiye Destek
Osman,Kobiye Destek
Abdullah,Kobiye Destek
Özlem,Kobiye Destek
Enes,Kobiye Destek
Zehra,Kobiye Destek
Songül,Kobiye Destek
Mehmet,Kobiye Destek
Kadir,Kobiye Destek
Ahmet,Kobiye Destek
Ayşegül,Kobiye Destek
Osman,Kobiye Destek
Tuğba,Kobiye Destek
Yasin,Kobiye Destek
Ayşe,Kobiye Destek
Mehmet,Kobiye Destek
Metin,Kobiye Destek
Hülya,Kobiye Destek
Sultan,Kobiye Destek
Yağmur,Kobiye Destek
Dilek,Kobiye Destek
Recep,Kobiye Destek
Mehmet,Kobiye Destek
Emre,Kobiye Destek
Melek,Kobiye Destek
Fatih,Kobiye Destek
Ayşe,Kobiye Destek
Yasin,Kobiye Destek
Mustafa,Kobiye Destek
Merve,Kobiye Destek
Murat,Kobiye Destek
Adem,Kobiye Destek
Muhammed,Kobiye Destek
Zehra,Kobiye Destek
Metin,Kobiye Destek
Fadime,Kobiye Destek
Sevim,Kobiye Destek
Abdullah,Kobiye Destek
Furkan,Kobiye Destek
Yasin,Kobiye Destek
Mehmet,Kobiye Destek
Zeynep,Kobiye Destek
Serkan,Kobiye Destek
Dilek,Kobiye Destek
Aysel,Kobiye Destek
Fatma,Kobiye Destek
Fatih,Kobiye Destek
Ayşe,Kobiye Destek
Ramazan,Kobiye Destek
Emre,Kobiye Destek
Ömer,Kobiye Destek
Ali,Kobiye Destek
Hüseyin,Kobiye Destek
Hülya,Kobiye Destek
Serkan,Kobiye Destek
Ramazan,Kobiye Destek
Hatice,Kobiye Destek
Mehmet,Kobiye Destek
Süleyman,Kobiye Destek
Elif,Kobiye Destek
Adem,Kobiye Destek
Ahmet,Kobiye Destek
Tuğba,Kobiye Destek
Kadir,Kobiye Destek
Zehra,Kobiye Destek
İsmail,Kobiye Destek
Yasin,Kobiye Destek
Adem,Kobiye Destek
Fatih,Kobiye Destek
Furkan,Kobiye Destek
Zehra,Kobiye Destek
Serkan,Kobiye Destek
Hakan,Kobiye Destek
Songül,Kobiye Destek
Havva,Kobiye Destek
Ömer,Kobiye Destek
Zeynep,Kobiye Destek
Kübra,Kobiye Destek
Fadime,Kobiye Destek
Fadime,Kobiye Destek
Sevim,Kobiye Destek
Aysel,Kobiye Destek
Osman,Kobiye Destek
Emre,Kobiye Destek
Zeynep,Kobiye Destek
Sultan,Kobiye Destek
Ahmet,Kobiye Destek
Hülya,Kobiye Destek
Hatice,Kobiye Destek
Fatih,Kobiye Destek
Özlem,Kobiye Destek
Fatih,Kobiye Destek
Muhammed,Kobiye Destek
Kübra,Kobiye Destek
Muhammed,Kobiye Destek
Kadir,Kobiye Destek
Ali,Kobiye Destek
Abdullah,Kobiye Destek
Hatice,Kobiye Destek
Zeynep,Kobiye Destek
Furkan,Kobiye Destek
Dilek,Kobiye Destek
Zeynep,Kobiye Destek
Hakan,Kobiye Destek
Ayşe,Kobiye Destek
İbrahim,Kobiye Destek
Zeynep,Kobiye Destek
Mustafa,Kobiye Destek
Hacer,Kobiye Destek
Abdullah,Kobiye Destek
Murat,Kobiye Destek
Rabia,Kobiye Destek
Merve,Kobiye Destek
Ramazan,Kobiye Destek
Süleyman,Kobiye Destek
Furkan,Kobiye Destek
Zeynep,Kobiye Destek
Metin,Kobiye Destek
Hakan,Kobiye Destek
Enes,Kobiye Destek
Tuğba,Kobiye Destek
Fadime,Kobiye Destek
Songül,Kobiye Destek
Hakan,Kobiye Destek
İbrahim,Kobiye Destek
Hakan,Kobiye Destek
Songül,Kobiye Destek
Tuğba,Kobiye Destek
Sultan,Kobiye Destek
Yasin,Kobiye Destek
Zehra,Kobiye Destek
Abdullah,Kobiye Destek
Sevim,Kobiye Destek
Havva,Kobiye Destek
Serkan,Kobiye Destek
Mustafa,Kobiye Destek
Tuğba,Kobiye Destek
Dilek,Kobiye Destek
Fatma,Kobiye Destek
Kübra,Kobiye Destek
Ayşe,Kobiye Destek
Mustafa,Kobiye Destek
Murat,Kobiye Destek
Ali,Kobiye Destek
Murat,Kobiye Destek
Hakan,Kobiye Destek
Melek,Kobiye Destek
Özlem,Kobiye Destek
Adem,Kobiye Destek
Yağmur,Kobiye Destek
Hülya,Kobiye Destek
Fatih,Kobiye Destek
Kübra,Kobiye Destek
Emre,Kobiye Destek
Burak,Kobiye Destek
Havva,Kobiye Destek
Havva,Kobiye Destek
Yasin,Kobiye Destek
Burak,Kobiye Destek
Hüseyin,Kobiye Destek
Murat,Kobiye Destek
Abdullah,Kobiye Destek
Leyla,Kobiye Destek
Yasemin,Kobiye Destek
Fatma,Kobiye Destek
Mahmut,Kobiye Destek
Fatih,Kobiye Destek
Serkan,Kobiye Destek
Ali,Kobiye Destek
Yasemin,Kobiye Destek
Sultan,Kobiye Destek
Zeynep,Kobiye Destek
Ayşe,Kobiye Destek
Muhammed,Kobiye Destek
Murat,Kobiye Destek
Sevim,Kobiye Destek
Fatih,Kobiye Destek
Aynur,Kobiye Destek
Leyla,Kobiye Destek
Metin,Kobiye Destek
Meryem,Kobiye Destek
Hakan,Kobiye Destek
Aysel,Kobiye Destek
Zehra,Kobiye Destek
Kübra,Kobiye Destek
Süleyman,Kobiye Destek
Meryem,Kobiye Destek
Ömer,Kobiye Destek
Ayşegül,Kobiye Destek
Songül,Kobiye Destek
Burak,Kobiye Destek
Ayşegül,Kobiye Destek
Yasin,Kobiye Destek
Enes,Kobiye Destek
Aysel,Kobiye Destek
Sultan,Kobiye Destek
Fatma,Kobiye Destek
Kadir,Kobiye Destek
Mehmet,Kobiye Destek
Yusuf,Kobiye Destek
Aynur,Kobiye Destek
Büşra,Kobiye Destek
Zehra,Kobiye Destek
Süleyman,Kobiye Destek
Recep,Kobiye Destek
Ramazan,Kobiye Destek
Meryem,Kobiye Destek
Adem,Kobiye Destek
Ayşegül,Kobiye Destek
Ahmet,Kobiye Destek
Serkan,Kobiye Destek
Ömer,Kobiye Destek
Meryem,Kobiye Destek
Elif,Kobiye Destek
Yasin,Kobiye Destek
Ayşegül,Kobiye Destek
Ahmet,Kobiye Destek
Abdullah,Kobiye Destek
Rabia,Kobiye Destek
Hülya,Kobiye Destek
Rabia,Kobiye Destek
Hatice,Kobiye Destek
Fatih,Kobiye Destek
Serkan,Kobiye Destek
Hasan,Kobiye Destek
Yasin,Kobiye Destek
Melek,Kobiye Destek
İbrahim,Kobiye Destek
Ömer,Kobiye Destek
Yasemin,Kobiye Destek
Adem,Kobiye Destek
Furkan,Kobiye Destek
Esra,Kobiye Destek
Yasemin,Kobiye Destek
Rabia,Kobiye Destek
Rabia,Kobiye Destek
Merve,Kobiye Destek
Burak,Kobiye Destek
Murat,Kobiye Destek
Yusuf,Kobiye Destek
Recep,Kobiye Destek
Yusuf,Kobiye Destek
Recep,Kobiye Destek
Özlem,Kobiye Destek
Elif,Kobiye Destek
Ayşe,Kobiye Destek
Hakan,Kobiye Destek
Yağmur,Kobiye Destek
Enes,Kobiye Destek
Serkan,Kobiye Destek
Kübra,Kobiye Destek
Havva,Kobiye Destek
Esra,Kobiye Destek
Ramazan,Kobiye Destek
Ali,Kobiye Destek
Burak,Kobiye Destek
Metin,Kobiye Destek
Elif,Kobiye Destek
Fadime,Kobiye Destek
Adem,Kobiye Destek
Süleyman,Kobiye Destek
Abdullah,Kobiye Destek
Fadime,Kobiye Destek
Osman,Kobiye Destek
Sevim,Kobiye Destek
Rabia,Kobiye Destek
Fatih,Kobiye Destek
Zehra,Kobiye Destek
Emre,Kobiye Destek
Yağmur,Kobiye Destek
Ömer,Kobiye Destek
Melek,Kobiye Destek
Ömer,Kobiye Destek
Hatice,Kobiye Destek
Merve,Kobiye Destek
Zehra,Kobiye Destek
Ramazan,Kobiye Destek
Halil,Kobiye Destek
Yasemin,Kobiye Destek
Zeynep,Kobiye Destek
Tuğba,Kobiye Destek
Burak,Kobiye Destek
Ayşe,Kobiye Destek
Muhammed,Kobiye Destek
Yusuf,Kobiye Destek
Songül,Kobiye Destek
Furkan,Kobiye Destek
Ayşegül,Kobiye Destek
Fatih,Kobiye Destek
Recep,Kobiye Destek
Hasan,Kobiye Destek
Fadime,Kobiye Destek
Yusuf,Kobiye Destek
Özlem,Kobiye Destek
Dilek,Kobiye Destek
Serkan,Kobiye Destek
Tuğba,Kobiye Destek
Fadime,Kobiye Destek
Serkan,Kobiye Destek
Elif,Kobiye Destek
Fatih,Kobiye Destek
Fadime,Kobiye Destek
Meryem,Kobiye Destek
Songül,Kobiye Destek
Hacer,Kobiye Destek
Yağmur,Kobiye Destek
Yusuf,Kobiye Destek
Furkan,Kobiye Destek
Ramazan,Kobiye Destek
Kadir,Kobiye Destek
Yasin,Kobiye Destek
Recep,Kobiye Destek
Süleyman,Kobiye Destek
Tuğba,Kobiye Destek
Fatih,Kobiye Destek
Ayşegül,Kobiye Destek
Yusuf,Kobiye Destek
Aysel,Kobiye Destek
Sevim,Kobiye Destek
Hatice,Kobiye Destek
Halil,Kobiye Destek
Kadir,Kobiye Destek
Emre,Kobiye Destek
Hakan,Kobiye Destek
Sevim,Kobiye Destek
Recep,Kobiye Destek
Fadime,Kobiye Destek
Mustafa,Kobiye Destek
Fadime,Kobiye Destek
Hakan,Kobiye Destek
Ali,Kobiye Destek
Yağmur,Kobiye Destek
Merve,Kobiye Destek
Ayşegül,Kobiye Destek
Fatma,Kobiye Destek
Fatih,Kobiye Destek
Emine,Kobiye Destek
Emine,Kobiye Destek
Fadime,Kobiye Destek
Fadime,Kobiye Destek
Hülya,Kobiye Destek
Yasemin,Kobiye Destek
Sultan,Kobiye Destek
Merve,Kobiye Destek
Muhammed,Kobiye Destek
Melek,Kobiye Destek
Emre,Kobiye Destek
Ahmet,Kobiye Destek
Yağmur,Kobiye Destek
Fadime,Kobiye Destek
Ayşegül,Kobiye Destek
Sultan,Kobiye Destek
Ayşegül,Kobiye Destek
Ahmet,Kobiye Destek
Özlem,Kobiye Destek
Muhammed,Kobiye Destek
Leyla,Kobiye Destek
Furkan,Kobiye Destek
Büşra,Kobiye Destek
Osman,Kobiye Destek
Yasemin,Kobiye Destek
Ayşegül,Kobiye Destek
Mehmet,Kobiye Destek
Emine,Kobiye Destek
Esra,Kobiye Destek
Merve,Kobiye Destek
Hüseyin,Kobiye Destek
Havva,Kobiye Destek
Fadime,Kobiye Destek
Leyla,Kobiye Destek
Sultan,Kobiye Destek
Yasin,Kobiye Destek
Abdullah,Kobiye Destek
Sultan,Kobiye Destek
Süleyman,Kobiye Destek
Ömer,Kobiye Destek
Melek,Kobiye Destek
Fadime,Kobiye Destek
Leyla,Kobiye Destek
Aynur,Kobiye Destek
Zehra,Kobiye Destek
Yasin,Kobiye Destek
Burak,Kobiye Destek
Adem,Kobiye Destek
Hüseyin,Kobiye Destek
Recep,Kobiye Destek
Özlem,Kobiye Destek
Yusuf,Kobiye Destek
Abdullah,Kobiye Destek
Zehra,Kobiye Destek
Rabia,Kobiye Destek
Rabia,Kobiye Destek
Meryem,Kobiye Destek
Halil,Kobiye Destek
Mahmut,Kobiye Destek
Fatma,Kobiye Destek
Melek,Kobiye Destek
Yasin,Kobiye Destek
Mustafa,Kobiye Destek
Fadime,Kobiye Destek
Muhammed,Kobiye Destek
Elif,Kobiye Destek
Kadir,Kobiye Destek
Hülya,Kobiye Destek
Songül,Kobiye Destek
Rabia,Kobiye Destek
Aysel,Kobiye Destek
Emre,Kobiye Destek
Yasemin,Kobiye Destek
Enes,Kobiye Destek
Kadir,Kobiye Destek
Fatma,Kobiye Destek
Zeynep,Kobiye Destek
Zeynep,Kobiye Destek
Süleyman,Kobiye Destek
Havva,Kobiye Destek
Emine,Kobiye Destek
Osman,Kobiye Destek
Murat,Kobiye Destek
Emine,Kobiye Destek
Dilek,Kobiye Destek
Metin,Kobiye Destek
Sultan,Kobiye Destek
Meryem,Kobiye Destek
Esra,Kobiye Destek
Ali,Kobiye Destek
Emine,Kobiye Destek
Hacer,Kobiye Destek
Yasemin,Kobiye Destek
Murat,Kobiye Destek
Hatice,Kobiye Destek
Sultan,Kobiye Destek
Abdullah,Kobiye Destek
Fadime,Kobiye Destek
Murat,Kobiye Destek
Rabia,Kobiye Destek
Fatma,Kobiye Destek
Osman,Kobiye Destek
Yasemin,Kobiye Destek
Hüseyin,Kobiye Destek
Rabia,Kobiye Destek
Kadir,Kobiye Destek
Hakan,Kobiye Destek
Hakan,Kobiye Destek
Hakan,Kobiye Destek
Yasemin,Kobiye Destek
Emre,Kobiye Destek
Özlem,Kobiye Destek
Dilek,Kobiye Destek
Yasin,Kobiye Destek
Muhammed,Kobiye Destek
Elif,Kobiye Destek
İsmail,Kobiye Destek
Fadime,Kobiye Destek
Ahmet,Kobiye Destek
Yağmur,Kobiye Destek
Rabia,Kobiye Destek
Osman,Kobiye Destek
Hülya,Kobiye Destek
Zeynep,Kobiye Destek
Meryem,Kobiye Destek
Yağmur,Kobiye Destek
Hülya,Kobiye Destek
Abdullah,Kobiye Destek
Süleyman,Kobiye Destek
Metin,Kobiye Destek
Serkan,Kobiye Destek
Yasin,Kobiye Destek
İsmail,Kobiye Destek
Hülya,Kobiye Destek
Sevim,Kobiye Destek
Sevim,Kobiye Destek
Meryem,Kobiye Destek
Meryem,Kobiye Destek
Zeynep,Kobiye Destek
Kadir,Kobiye Destek
Hatice,Kobiye Destek
Ramazan,Kobiye Destek
Yasemin,Kobiye Destek
Abdullah,Kobiye Destek
Hacer,Kobiye Destek
Fatma,Kobiye Destek
Zehra,Kobiye Destek
Yasemin,Kobiye Destek
Meryem,Kobiye Destek
İbrahim,Kobiye Destek
Emre,Kobiye Destek
Mustafa,Kobiye Destek
Hülya,Kobiye Destek
Hülya,Kobiye Destek
Enes,Kobiye Destek
Adem,Kobiye Destek
Metin,Kobiye Destek
Büşra,Kobiye Destek
Fadime,Kobiye Destek
Melek,Kobiye Destek
Songül,Kobiye Destek
Kübra,Kobiye Destek
Mustafa,Kobiye Destek
Sultan,Kobiye Destek
Yasemin,Kobiye Destek
Tuğba,Kobiye Destek
Dilek,Kobiye Destek
Adem,Kobiye Destek
Mustafa,Kobiye Destek
Metin,Kobiye Destek
Hatice,Kobiye Destek
Ramazan,Kobiye Destek
Serkan,Kobiye Destek
Melek,Kobiye Destek
Hacer,Kobiye Destek
Sevim,Kobiye Destek
Hülya,Kobiye Destek
Burak,Kobiye Destek
Kübra,Kobiye Destek
Hacer,Kobiye Destek
Tuğba,Kobiye Destek
Kübra,Kobiye Destek
Yusuf,Kobiye Destek
Murat,Kobiye Destek
Sultan,Kobiye Destek
Metin,Kobiye Destek
Süleyman,Kobiye Destek
Yasemin,Kobiye Destek
Havva,Kobiye Destek
Ramazan,Kobiye Destek
Elif,Kobiye Destek
Fatih,Kobiye Destek
Hatice,Kobiye Destek
Serkan,Kobiye Destek
Ali,Kobiye Destek
Sevim,Kobiye Destek
Enes,Kobiye Destek
Burak,Kobiye Destek
Sevim,Kobiye Destek
Esra,Kobiye Destek
Meryem,Kobiye Destek
Hakan,Kobiye Destek
Rabia,Kobiye Destek
Hasan,Kobiye Destek
Burak,Kobiye Destek
Ahmet,Kobiye Destek
İsmail,Kobiye Destek
Melek,Kobiye Destek
Murat,Kobiye Destek
Abdullah,Kobiye Destek
Enes,Kobiye Destek
Meryem,Kobiye Destek
İsmail,Kobiye Destek
Burak,Kobiye Destek
Kübra,Kobiye Destek
Fadime,Kobiye Destek
Süleyman,Kobiye Destek
Emine,Kobiye Destek
Leyla,Kobiye Destek
Merve,Kobiye Destek
Fatma,Kobiye Destek
Ayşe,Kobiye Destek
Recep,Kobiye Destek
Hüseyin,Kobiye Destek
Ahmet,Kobiye Destek
Kübra,Kobiye Destek
Mehmet,Kobiye Destek
Süleyman,Kobiye Destek
Enes,Kobiye Destek
Muhammed,Kobiye Destek
Hatice,Kobiye Destek
Merve,Kobiye Destek
Aysel,Kobiye Destek
Murat,Kobiye Destek
Yasin,Kobiye Destek
Ayşegül,Kobiye Destek
Ömer,Kobiye Destek
Ayşe,Kobiye Destek
Osman,Kobiye Destek
Songül,Kobiye Destek
Mustafa,Kobiye Destek
Yağmur,Kobiye Destek
Aynur,Kobiye Destek
Ömer,Kobiye Destek
Emine,Kobiye Destek
Rabia,Kobiye Destek
Fadime,Kobiye Destek
Osman,Kobiye Destek
Recep,Kobiye Destek
Emine,Kobiye Destek
Ayşe,Kobiye Destek
Halil,Kobiye Destek
Burak,Kobiye Destek
Ayşe,Kobiye Destek
Ahmet,Kobiye Destek
Hatice,Kobiye Destek
Süleyman,Kobiye Destek
Ahmet,Kobiye Destek
Zehra,Kobiye Destek
Meryem,Kobiye Destek
Sevim,Kobiye Destek
Mehmet,Kobiye Destek
Özlem,Kobiye Destek
Osman,Kobiye Destek
Zehra,Kobiye Destek
Meryem,Kobiye Destek
Rabia,Kobiye Destek
Kadir,Kobiye Destek
Elif,Kobiye Destek
Fatih,Kobiye Destek
Emre,Kobiye Destek
Yusuf,Kobiye Destek
Özlem,Kobiye Destek
Enes,Kobiye Destek
Mehmet,Kobiye Destek
Zeynep,Kobiye Destek
Rabia,Kobiye Destek
Ahmet,Kobiye Destek
Büşra,Kobiye Destek
Büşra,Kobiye Destek
Yasemin,Kobiye Destek
Yasemin,Kobiye Destek
Melek,Kobiye Destek
Kübra,Kobiye Destek
Sevim,Kobiye Destek
Ahmet,Kobiye Destek
Süleyman,Kobiye Destek
Murat,Kobiye Destek
Fatma,Kobiye Destek
Serkan,Kobiye Destek
Muhammed,Kobiye Destek
Emine,Kobiye Destek
Meryem,Kobiye Destek
Emre,Kobiye Destek
Ayşe,Kobiye Destek
Esra,Kobiye Destek
Aynur,Kobiye Destek
Özlem,Kobiye Destek
Ayşe,Kobiye Destek
Hacer,Kobiye Destek
Kadir,Kobiye Destek
Merve,Kobiye Destek
Ayşe,Kobiye Destek
Murat,Kobiye Destek
Recep,Kobiye Destek
Yasin,Kobiye Destek
Mahmut,Kobiye Destek
Ayşegül,Kobiye Destek
Hakan,Kobiye Destek
Adem,Kobiye Destek
Fatma,Kobiye Destek
Enes,Kobiye Destek
Osman,Kobiye Destek
Ahmet,Kobiye Destek
Metin,Kobiye Destek
Meryem,Kobiye Destek
Hatice,Kobiye Destek
Kadir,Kobiye Destek
Mehmet,Kobiye Destek
Hacer,Kobiye Destek
Burak,Kobiye Destek
Furkan,Kobiye Destek
Ramazan,Kobiye Destek
Tuğba,Kobiye Destek
Aynur,Kobiye Destek
Zehra,Kobiye Destek
İbrahim,Kobiye Destek
Yasin,Kobiye Destek
Furkan,Kobiye Destek
Fatma,Kobiye Destek
Hülya,Kobiye Destek
Hülya,Kobiye Destek
Emine,Kobiye Destek
Zehra,Kobiye Destek
Hatice,Kobiye Destek
Songül,Kobiye Destek
Dilek,Kobiye Destek
Mustafa,Kobiye Destek
Fadime,Kobiye Destek
Recep,Kobiye Destek
Ali,Kobiye Destek
Songül,Kobiye Destek
Büşra,Kobiye Destek
Zehra,Kobiye Destek
Adem,Kobiye Destek
Ramazan,Kobiye Destek
Elif,Kobiye Destek
Enes,Kobiye Destek
Fatma,Kobiye Destek
Büşra,Kobiye Destek
Havva,Kobiye Destek
Mustafa,Kobiye Destek
Büşra,Kobiye Destek
Murat,Kobiye Destek
Hüseyin,Kobiye Destek
Esra,Kobiye Destek
Burak,Kobiye Destek
Emre,Kobiye Destek
Emine,Kobiye Destek
Yasemin,Kobiye Destek
Muhammed,Kobiye Destek
Abdullah,Kobiye Destek
Süleyman,Kobiye Destek
Sevim,Kobiye Destek
İsmail,Kobiye Destek
Murat,Kobiye Destek
Abdullah,Kobiye Destek
Mehmet,Kobiye Destek
Furkan,Kobiye Destek
Fatma,Kobiye Destek
Metin,Kobiye Destek
Zeynep,Kobiye Destek
İbrahim,Kobiye Destek
Yasin,Kobiye Destek
Ömer,Kobiye Destek
Mustafa,Kobiye Destek
Zehra,Kobiye Destek
Furkan,Kobiye Destek
Osman,Kobiye Destek
Sevim,Kobiye Destek
Kübra,Kobiye Destek
Yasemin,Kobiye Destek
Songül,Kobiye Destek
Fadime,Kobiye Destek
Recep,Kobiye Destek
Mustafa,Kobiye Destek
Zeynep,Kobiye Destek
Sevim,Kobiye Destek
Hülya,Kobiye Destek
Metin,Kobiye Destek
Hacer,Kobiye Destek
Sevim,Kobiye Destek
Merve,Kobiye Destek
Recep,Kobiye Destek
Havva,Kobiye Destek
Recep,Kobiye Destek
Havva,Kobiye Destek
Serkan,Kobiye Destek
Özlem,Kobiye Destek
Aysel,Kobiye Destek
Aynur,Kobiye Destek
Melek,Kobiye Destek
Fatih,Kobiye Destek
Hakan,Kobiye Destek
Ahmet,Kobiye Destek
Ayşegül,Kobiye Destek
Songül,Kobiye Destek
Özlem,Kobiye Destek
Abdullah,Kobiye Destek
Enes,Kobiye Destek
Merve,Kobiye Destek
Yusuf,Kobiye Destek
Yusuf,Kobiye Destek
Ali,Kobiye Destek
Meryem,Kobiye Destek
Kadir,Kobiye Destek
Rabia,Kobiye Destek
Sultan,Kobiye Destek
Emine,Kobiye Destek
Ömer,Kobiye Destek
Merve,Kobiye Destek
Hacer,Kobiye Destek
Elif,Kobiye Destek
Burak,Kobiye Destek
Abdullah,Kobiye Destek
Hakan,Kobiye Destek
Emre,Kobiye Destek
Aysel,Kobiye Destek
Merve,Kobiye Destek
Ahmet,Kobiye Destek
Ali,Kobiye Destek
Hülya,Kobiye Destek
Büşra,Kobiye Destek
Hatice,Kobiye Destek
Fadime,Kobiye Destek
Yasin,Kobiye Destek
Ömer,Kobiye Destek
Furkan,Kobiye Destek
Enes,Kobiye Destek
Yağmur,Kobiye Destek
Aynur,Kobiye Destek
Yasemin,Kobiye Destek
Büşra,Kobiye Destek
Merve,Kobiye Destek
Adem,Kobiye Destek
Aynur,Kobiye Destek
Songül,Kobiye Destek
Recep,Kobiye Destek
İbrahim,Kobiye Destek
Zeynep,Kobiye Destek
Fadime,Kobiye Destek
Osman,Kobiye Destek
Dilek,Kobiye Destek
Murat,Kobiye Destek
Adem,Kobiye Destek
Enes,Kobiye Destek
Muhammed,Kobiye Destek
Zehra,Kobiye Destek
Hacer,Kobiye Destek
Abdullah,Kobiye Destek
Mustafa,Kobiye Destek
Recep,Kobiye Destek
Burak,Kobiye Destek
Kadir,Kobiye Destek
Havva,Kobiye Destek
Mustafa,Kobiye Destek
Recep,Kobiye Destek
Rabia,Kobiye Destek
Ömer,Kobiye Destek
Sevim,Kobiye Destek
Abdullah,Kobiye Destek
Hakan,Kobiye Destek
Fatih,Kobiye Destek
Büşra,Kobiye Destek
Hakan,Kobiye Destek
Elif,Kobiye Destek
Ömer,Kobiye Destek
Ramazan,Kobiye Destek
Ahmet,Kobiye Destek
Kadir,Kobiye Destek
Enes,Kobiye Destek
Osman,Kobiye Destek
Rabia,Kobiye Destek
Esra,Kobiye Destek
Hasan,Kobiye Destek
Burak,Kobiye Destek
Aysel,Kobiye Destek
Büşra,Kobiye Destek
Kübra,Kobiye Destek
Merve,Kobiye Destek
Burak,Kobiye Destek
Kadir,Kobiye Destek
Meryem,Kobiye Destek
Aysel,Kobiye Destek
Serkan,Kobiye Destek
Merve,Kobiye Destek
Ayşegül,Kobiye Destek
Ali,Kobiye Destek
Leyla,Kobiye Destek
Aynur,Kobiye Destek
Rabia,Kobiye Destek
Dilek,Kobiye Destek
Sevim,Kobiye Destek
Ayşegül,Kobiye Destek
Metin,Kobiye Destek
Mehmet,Kobiye Destek
Ömer,Kobiye Destek
Merve,Kobiye Destek
Hacer,Kobiye Destek
Songül,Kobiye Destek
Esra,Kobiye Destek
Ahmet,Kobiye Destek
Tuğba,Kobiye Destek
Zehra,Kobiye Destek
Recep,Kobiye Destek
Burak,Kobiye Destek
Furkan,Kobiye Destek
Ahmet,Kobiye Destek
Zehra,Kobiye Destek
Furkan,Kobiye Destek
Büşra,Kobiye Destek
Leyla,Kobiye Destek
Hacer,Kobiye Destek
Fatma,Kobiye Destek
Kadir,Kobiye Destek
Mehmet,Kobiye Destek
Kübra,Kobiye Destek
Dilek,Kobiye Destek
Zeynep,Kobiye Destek
Hasan,Kobiye Destek
Burak,Kobiye Destek
Özlem,Kobiye Destek
Büşra,Kobiye Destek
Ayşe,Kobiye Destek
Muhammed,Kobiye Destek
Fadime,Kobiye Destek
Yağmur,Kobiye Destek
Yağmur,Kobiye Destek
Metin,Kobiye Destek
Yasin,Kobiye Destek
Mehmet,Kobiye Destek
Havva,Kobiye Destek
Özlem,Kobiye Destek
Murat,Kobiye Destek
Hakan,Kobiye Destek
Osman,Kobiye Destek
Hacer,Kobiye Destek
İsmail,Kobiye Destek
Hacer,Kobiye Destek
Hacer,Kobiye Destek
Hacer,Kobiye Destek
Zehra,Kobiye Destek
Ömer,Kobiye Destek
Fadime,Kobiye Destek
Elif,Kobiye Destek
Hasan,Kobiye Destek
İbrahim,Kobiye Destek
Mustafa,Kobiye Destek
Fatma,Kobiye Destek
Muhammed,Kobiye Destek
Zehra,Kobiye Destek
Adem,Kobiye Destek
Metin,Kobiye Destek
Adem,Kobiye Destek
Mahmut,Kobiye Destek
Adem,Kobiye Destek
Melek,Kobiye Destek
Hasan,Kobiye Destek
Fadime,Kobiye Destek
Enes,Kobiye Destek
Fadime,Kobiye Destek
Melek,Kobiye Destek
Recep,Kobiye Destek
Rabia,Kobiye Destek
Zehra,Kobiye Destek
Osman,Kobiye Destek
Enes,Kobiye Destek
Aynur,Kobiye Destek
Meryem,Kobiye Destek
Melek,Kobiye Destek
Rabia,Kobiye Destek
Emre,Kobiye Destek
Hakan,Kobiye Destek
Murat,Kobiye Destek
Fadime,Kobiye Destek
Aysel,Kobiye Destek
Sultan,Kobiye Destek
Dilek,Kobiye Destek
Ayşe,Kobiye Destek
Serkan,Kobiye Destek
İsmail,Kobiye Destek
Aynur,Kobiye Destek
Özlem,Kobiye Destek
İbrahim,Kobiye Destek
Hülya,Kobiye Destek
Tuğba,Kobiye Destek
Yağmur,Kobiye Destek
Hatice,Kobiye Destek
Aysel,Kobiye Destek
Songül,Kobiye Destek
Fadime,Kobiye Destek
Recep,Kobiye Destek
Recep,Kobiye Destek
Murat,Kobiye Destek
Recep,Kobiye Destek
Melek,Kobiye Destek
Metin,Kobiye Destek
Rabia,Kobiye Destek
Tuğba,Kobiye Destek
Ayşe,Kobiye Destek
Serkan,Kobiye Destek
Leyla,Kobiye Destek
Songül,Kobiye Destek
Recep,Kobiye Destek
Furkan,Kobiye Destek
Enes,Kobiye Destek
Ali,Kobiye Destek
Leyla,Kobiye Destek
Tuğba,Kobiye Destek
Hülya,Kobiye Destek
Fadime,Kobiye Destek
İsmail,Kobiye Destek
Emre,Kobiye Destek
Aysel,Kobiye Destek
Osman,Kobiye Destek
Fatma,Kobiye Destek
Ömer,Kobiye Destek
Adem,Kobiye Destek
Emre,Kobiye Destek
İbrahim,Kobiye Destek
Meryem,Kobiye Destek
Ramazan,Kobiye Destek
Fatih,Kobiye Destek
Ayşegül,Kobiye Destek
Sevim,Kobiye Destek
Büşra,Kobiye Destek
Adem,Kobiye Destek
Yağmur,Kobiye Destek
Sevim,Kobiye Destek
Songül,Kobiye Destek
Süleyman,Kobiye Destek
Mustafa,Kobiye Destek
Leyla,Kobiye Destek
Serkan,Kobiye Destek
Emre,Kobiye Destek
Hülya,Kobiye Destek
Songül,Kobiye Destek
Elif,Kobiye Destek
İsmail,Kobiye Destek
Elif,Kobiye Destek
Sevim,Kobiye Destek
Adem,Kobiye Destek
Mustafa,Kobiye Destek
Zeynep,Kobiye Destek
Halil,Kobiye Destek
Özlem,Kobiye Destek
Yasin,Kobiye Destek
Büşra,Kobiye Destek
Hasan,Kobiye Destek
Ömer,Kobiye Destek
Fadime,Kobiye Destek
Yusuf,Kobiye Destek
Dilek,Kobiye Destek
Meryem,Kobiye Destek
Süleyman,Kobiye Destek
Dilek,Kobiye Destek
Melek,Kobiye Destek
Merve,Kobiye Destek
Osman,Kobiye Destek
Yasemin,Kobiye Destek
Ayşegül,Kobiye Destek
Zeynep,Kobiye Destek
Enes,Kobiye Destek
Ramazan,Kobiye Destek
Yağmur,Kobiye Destek
Merve,Kobiye Destek
Emine,Kobiye Destek
Emine,Kobiye Destek
Metin,Kobiye Destek
Hacer,Kobiye Destek
Zehra,Kobiye Destek
Hacer,Kobiye Destek
Yağmur,Kobiye Destek
Yusuf,Kobiye Destek
Dilek,Kobiye Destek
Ömer,Kobiye Destek
Furkan,Kobiye Destek
Ali,Kobiye Destek
Meryem,Kobiye Destek
Recep,Kobiye Destek
Burak,Kobiye Destek
Recep,Kobiye Destek
İsmail,Kobiye Destek
Kadir,Kobiye Destek
Yağmur,Kobiye Destek
Ayşegül,Kobiye Destek
Ayşegül,Kobiye Destek
Mustafa,Kobiye Destek
Enes,Kobiye Destek
Zehra,Kobiye Destek
Zehra,Kobiye Destek
Havva,Kobiye Destek
Merve,Kobiye Destek
Kadir,Kobiye Destek
Havva,Kobiye Destek
Kübra,Kobiye Destek
Ömer,Kobiye Destek
Yusuf,Kobiye Destek
Ahmet,Kobiye Destek
Fadime,Kobiye Destek
Tuğba,Kobiye Destek
Aysel,Kobiye Destek
Enes,Kobiye Destek
Havva,Kobiye Destek
Ömer,Kobiye Destek
Melek,Kobiye Destek
Hülya,Kobiye Destek
Ali,Kobiye Destek
Emine,Kobiye Destek
Muhammed,Kobiye Destek
Songül,Kobiye Destek
Aysel,Kobiye Destek
Fadime,Kobiye Destek
Melek,Kobiye Destek
Murat,Kobiye Destek
Sultan,Kobiye Destek
Yağmur,Kobiye Destek
Esra,Kobiye Destek
Özlem,Kobiye Destek
Recep,Kobiye Destek
Yusuf,Kobiye Destek
Osman,Kobiye Destek
Yağmur,Kobiye Destek
Yağmur,Kobiye Destek
Abdullah,Kobiye Destek
Ali,Kobiye Destek
Enes,Kobiye Destek
Ali,Kobiye Destek
Metin,Kobiye Destek
Zeynep,Kobiye Destek
Emine,Kobiye Destek
Yusuf,Kobiye Destek
Dilek,Kobiye Destek
Özlem,Kobiye Destek
Hacer,Kobiye Destek
Ali,Kobiye Destek
Melek,Kobiye Destek
Tuğba,Kobiye Destek
İsmail,Kobiye Destek
Ahmet,Kobiye Destek
Emine,Kobiye Destek
Murat,Kobiye Destek
Hülya,Kobiye Destek
Süleyman,Kobiye Destek
Ali,Kobiye Destek
Melek,Kobiye Destek
Halil,Kobiye Destek
Mahmut,Kobiye Destek
Sultan,Kobiye Destek
Hakan,Kobiye Destek
Aynur,Kobiye Destek
Enes,Kobiye Destek
Merve,Kobiye Destek
Fatma,Kobiye Destek
Kadir,Kobiye Destek
Aysel,Kobiye Destek
Yasemin,Kobiye Destek
Zehra,Kobiye Destek
Muhammed,Kobiye Destek
Ali,Kobiye Destek
Abdullah,Kobiye Destek
Büşra,Kobiye Destek
Dilek,Kobiye Destek
Esra,Kobiye Destek
Hacer,Kobiye Destek
Ramazan,Kobiye Destek
Melek,Kobiye Destek
Songül,Kobiye Destek
Muhammed,Kobiye Destek
Murat,Kobiye Destek
Aysel,Kobiye Destek
Süleyman,Kobiye Destek
Hatice,Kobiye Destek
Abdullah,Kobiye Destek
Tuğba,Kobiye Destek
Ramazan,Kobiye Destek
Sultan,Kobiye Destek
Kadir,Kobiye Destek
Rabia,Kobiye Destek
İbrahim,Kobiye Destek
Hülya,Kobiye Destek
Meryem,Kobiye Destek
Hakan,Kobiye Destek
Özlem,Kobiye Destek
Meryem,Kobiye Destek
Muhammed,Kobiye Destek
Havva,Kobiye Destek
Kübra,Kobiye Destek
Mustafa,Kobiye Destek
İbrahim,Kobiye Destek
Büşra,Kobiye Destek
Osman,Kobiye Destek
Yasin,Kobiye Destek
Kadir,Kobiye Destek
Mustafa,Kobiye Destek
Songül,Kobiye Destek
Abdullah,Kobiye Destek
Emre,Kobiye Destek
Fadime,Kobiye Destek
Mahmut,Kobiye Destek
Muhammed,Kobiye Destek
Kübra,Kobiye Destek
Osman,Kobiye Destek
Sevim,Kobiye Destek
Büşra,Kobiye Destek
Ramazan,Kobiye Destek
Ali,Kobiye Destek
Mustafa,Kobiye Destek
Kübra,Kobiye Destek
Sevim,Kobiye Destek
Leyla,Kobiye Destek
Fadime,Kobiye Destek
Melek,Kobiye Destek
Emre,Kobiye Destek
Süleyman,Kobiye Destek
Havva,Kobiye Destek
Osman,Kobiye Destek
İsmail,Kobiye Destek
Aysel,Kobiye Destek
Emine,Kobiye Destek
Adem,Kobiye Destek
Fatma,Kobiye Destek
Zeynep,Kobiye Destek
Fadime,Kobiye Destek
Furkan,Kobiye Destek
Mehmet,Kobiye Destek
Süleyman,Kobiye Destek
Yasemin,Kobiye Destek
Abdullah,Kobiye Destek
Muhammed,Kobiye Destek
Fadime,Kobiye Destek
İsmail,Kobiye Destek
Abdullah,Kobiye Destek
Songül,Kobiye Destek
Mehmet,Kobiye Destek
Melek,Kobiye Destek
Kadir,Kobiye Destek
Hacer,Kobiye Destek
Metin,Kobiye Destek
Halil,Kobiye Destek
Yusuf,Kobiye Destek
Emine,Kobiye Destek
Emre,Kobiye Destek
Dilek,Kobiye Destek
Abdullah,Kobiye Destek
Süleyman,Kobiye Destek
Süleyman,Kobiye Destek
Elif,Kobiye Destek
Fatma,Kobiye Destek
Sultan,Kobiye Destek
Yağmur,Kobiye Destek
Aysel,Kobiye Destek
Burak,Kobiye Destek
Fatih,Kobiye Destek
Mustafa,Kobiye Destek
Hülya,Kobiye Destek
Hatice,Kobiye Destek
Rabia,Kobiye Destek
Sultan,Kobiye Destek
Süleyman,Kobiye Destek
Hülya,Kobiye Destek
Süleyman,Kobiye Destek
Ayşe,Kobiye Destek
Serkan,Kobiye Destek
Özlem,Kobiye Destek
İsmail,Kobiye Destek
Kadir,Kobiye Destek
Emre,Kobiye Destek
Recep,Kobiye Destek
Ramazan,Kobiye Destek
Hülya,Kobiye Destek
Yasin,Kobiye Destek
Yasin,Kobiye Destek
Hülya,Kobiye Destek
Fadime,Kobiye Destek
Mustafa,Kobiye Destek
Abdullah,Kobiye Destek
Ahmet,Kobiye Destek
Ayşe,Kobiye Destek
Fatma,Kobiye Destek
Fadime,Kobiye Destek
Dilek,Kobiye Destek
Meryem,Kobiye Destek
Mahmut,Kobiye Destek
Ramazan,Kobiye Destek
Fadime,Kobiye Destek
Emine,Kobiye Destek
Emre,Kobiye Destek
Ahmet,Kobiye Destek
Hatice,Kobiye Destek
Fadime,Kobiye Destek
Metin,Kobiye Destek
Mehmet,Kobiye Destek
Özlem,Kobiye Destek
Sevim,Kobiye Destek
Fatih,Kobiye Destek
Elif,Kobiye Destek
Fatma,Kobiye Destek
Enes,Kobiye Destek
Mustafa,Kobiye Destek
Ayşe,Kobiye Destek
Sevim,Kobiye Destek
Kadir,Kobiye Destek
Ayşe,Kobiye Destek
Fatih,Kobiye Destek
Leyla,Kobiye Destek
Büşra,Kobiye Destek
Mehmet,Kobiye Destek
Özlem,Kobiye Destek
Mahmut,Kobiye Destek
Hülya,Kobiye Destek
Yasemin,Kobiye Destek
Fatih,Kobiye Destek
Abdullah,Kobiye Destek
Sultan,Kobiye Destek
Emre,Kobiye Destek
Ahmet,Kobiye Destek
Fatma,Kobiye Destek
Yağmur,Kobiye Destek
Yağmur,Kobiye Destek
Adem,Kobiye Destek
Fadime,Kobiye Destek
Ramazan,Kobiye Destek
Sevim,Kobiye Destek
Fadime,Kobiye Destek
Yusuf,Kobiye Destek
İbrahim,Kobiye Destek
Melek,Kobiye Destek
Melek,Kobiye Destek
Leyla,Kobiye Destek
Büşra,Kobiye Destek
Mehmet,Kobiye Destek
Yusuf,Kobiye Destek
Yağmur,Kobiye Destek
Mehmet,Kobiye Destek
Elif,Kobiye Destek
Osman,Kobiye Destek
Murat,Kobiye Destek
Yusuf,Kobiye Destek
Burak,Kobiye Destek
Sevim,Kobiye Destek
Dilek,Kobiye Destek
Fadime,Kobiye Destek
Tuğba,Kobiye Destek
Yağmur,Kobiye Destek
Kadir,Kobiye Destek
Hakan,Kobiye Destek
Recep,Kobiye Destek
Adem,Kobiye Destek
Hülya,Kobiye Destek
Halil,Kobiye Destek
İsmail,Kobiye Destek
Büşra,Kobiye Destek
Osman,Kobiye Destek
Sultan,Kobiye Destek
Hülya,Kobiye Destek
Yusuf,Kobiye Destek
Rabia,Kobiye Destek
Büşra,Kobiye Destek
Serkan,Kobiye Destek
Recep,Kobiye Destek
Hakan,Kobiye Destek
Aysel,Kobiye Destek
Ali,Kobiye Destek
Fadime,Kobiye Destek
Yasemin,Kobiye Destek
Dilek,Kobiye Destek
Emre,Kobiye Destek
Zehra,Kobiye Destek
Hülya,Kobiye Destek
Hakan,Kobiye Destek
Büşra,Kobiye Destek
Merve,Kobiye Destek
Adem,Kobiye Destek
Recep,Kobiye Destek
Meryem,Kobiye Destek
Abdullah,Kobiye Destek
Hülya,Kobiye Destek
Fatih,Kobiye Destek
İbrahim,Kobiye Destek
Fatih,Kobiye Destek
Ali,Kobiye Destek
Zeynep,Kobiye Destek
Adem,Kobiye Destek
Yasin,Kobiye Destek
Emre,Kobiye Destek
Kadir,Kobiye Destek
Hasan,Kobiye Destek
Melek,Kobiye Destek
Fadime,Kobiye Destek
Fadime,Kobiye Destek
Emine,Kobiye Destek
Recep,Kobiye Destek
Hatice,Kobiye Destek
Mehmet,Kobiye Destek
Ramazan,Kobiye Destek
Havva,Kobiye Destek
Süleyman,Kobiye Destek
Metin,Kobiye Destek
Abdullah,Kobiye Destek
Murat,Kobiye Destek
Yusuf,Kobiye Destek
Elif,Kobiye Destek
Sevim,Kobiye Destek
Hasan,Kobiye Destek
Ahmet,Kobiye Destek
Hacer,Kobiye Destek
Ahmet,Kobiye Destek
Yağmur,Kobiye Destek
Furkan,Kobiye Destek
Rabia,Kobiye Destek
Merve,Kobiye Destek
Melek,Kobiye Destek
Havva,Kobiye Destek
Sultan,Kobiye Destek
Kadir,Kobiye Destek
Fatma,Kobiye Destek
Zehra,Kobiye Destek
Burak,Kobiye Destek
Merve,Kobiye Destek
Sevim,Kobiye Destek
Adem,Kobiye Destek
Merve,Kobiye Destek
Mustafa,Kobiye Destek
Hüseyin,Kobiye Destek
Ali,Kobiye Destek
Sultan,Kobiye Destek
İsmail,Kobiye Destek
İsmail,Kobiye Destek
Metin,Kobiye Destek
Halil,Kobiye Destek
Rabia,Kobiye Destek
Ahmet,Kobiye Destek
Tuğba,Kobiye Destek
Ömer,Kobiye Destek
Aynur,Kobiye Destek
Büşra,Kobiye Destek
Hasan,Kobiye Destek
Serkan,Kobiye Destek
Sultan,Kobiye Destek
Ahmet,Kobiye Destek
Hakan,Kobiye Destek
Fadime,Kobiye Destek
Ayşegül,Kobiye Destek
Recep,Kobiye Destek
Aynur,Kobiye Destek
Aysel,Kobiye Destek
Hakan,Kobiye Destek
Sevim,Kobiye Destek
Osman,Kobiye Destek
Burak,Kobiye Destek
Meryem,Kobiye Destek
Ayşegül,Kobiye Destek
Mahmut,Kobiye Destek
Hasan,Kobiye Destek
Fatih,Kobiye Destek
Kübra,Kobiye Destek
Osman,Kobiye Destek
Yasin,Kobiye Destek
Yusuf,Kobiye Destek
Burak,Kobiye Destek
Sevim,Kobiye Destek
Hakan,Kobiye Destek
Halil,Kobiye Destek
İsmail,Kobiye Destek
Kübra,Kobiye Destek
Ayşegül,Kobiye Destek
Songül,Kobiye Destek
Süleyman,Kobiye Destek
Merve,Kobiye Destek
Kübra,Kobiye Destek
Leyla,Kobiye Destek
Ömer,Kobiye Destek
Sultan,Kobiye Destek
Büşra,Kobiye Destek
Enes,Kobiye Destek
Ramazan,Kobiye Destek
Ali,Kobiye Destek
Enes,Kobiye Destek
Hakan,Kobiye Destek
Süleyman,Kobiye Destek
Havva,Kobiye Destek
Murat,Kobiye Destek
Sultan,Kobiye Destek
Metin,Kobiye Destek
Aynur,Kobiye Destek
Meryem,Kobiye Destek
Zehra,Kobiye Destek
Hakan,Kobiye Destek
Fatma,Kobiye Destek
Abdullah,Kobiye Destek
Yağmur,Kobiye Destek
Fatih,Kobiye Destek
Enes,Kobiye Destek
Büşra,Kobiye Destek
Muhammed,Kobiye Destek
Dilek,Kobiye Destek
Fadime,Kobiye Destek
Songül,Kobiye Destek
Rabia,Kobiye Destek
Dilek,Kobiye Destek
Aynur,Kobiye Destek
Özlem,Kobiye Destek
Hasan,Kobiye Destek
Hasan,Kobiye Destek
Emre,Kobiye Destek
Kadir,Kobiye Destek
Meryem,Kobiye Destek
Kadir,Kobiye Destek
Elif,Kobiye Destek
Tuğba,Kobiye Destek
Ahmet,Kobiye Destek
Ayşegül,Kobiye Destek
Enes,Kobiye Destek
Ramazan,Kobiye Destek
Leyla,Kobiye Destek
Dilek,Kobiye Destek
İbrahim,Kobiye Destek
Hüseyin,Kobiye Destek
Recep,Kobiye Destek
Meryem,Kobiye Destek
Ayşegül,Kobiye Destek
Hüseyin,Kobiye Destek
Hacer,Kobiye Destek
Ayşegül,Kobiye Destek
Ali,Kobiye Destek
Hasan,Kobiye Destek
Adem,Kobiye Destek
İsmail,Kobiye Destek
Aysel,Kobiye Destek
İbrahim,Kobiye Destek
Süleyman,Kobiye Destek
Hülya,Kobiye Destek
Esra,Kobiye Destek
Hakan,Kobiye Destek
Ramazan,Kobiye Destek
Mahmut,Kobiye Destek
Recep,Kobiye Destek
Fadime,Kobiye Destek
Mehmet,Kobiye Destek
Kübra,Kobiye Destek
Abdullah,Kobiye Destek
Serkan,Kobiye Destek
Burak,Kobiye Destek
Zeynep,Kobiye Destek
Osman,Kobiye Destek
Metin,Kobiye Destek
Yağmur,Kobiye Destek
Kübra,Kobiye Destek
Dilek,Kobiye Destek
Melek,Kobiye Destek
Ayşegül,Kobiye Destek
İsmail,Kobiye Destek
Fatma,Kobiye Destek
Rabia,Kobiye Destek
Esra,Kobiye Destek
Meryem,Kobiye Destek
Zehra,Kobiye Destek
Furkan,Kobiye Destek
Havva,Kobiye Destek
Mustafa,Kobiye Destek
Leyla,Kobiye Destek
Tuğba,Kobiye Destek
Büşra,Kobiye Destek
Emre,Kobiye Destek
Sultan,Kobiye Destek
Fatma,Kobiye Destek
Büşra,Kobiye Destek
Kübra,Kobiye Destek
Songül,Kobiye Destek
Enes,Kobiye Destek
Mustafa,Kobiye Destek
Songül,Kobiye Destek
Burak,Kobiye Destek
Ömer,Kobiye Destek
Hatice,Kobiye Destek
Enes,Kobiye Destek
Kübra,Kobiye Destek
Merve,Kobiye Destek
Fadime,Kobiye Destek
İbrahim,Kobiye Destek
Hacer,Kobiye Destek
Meryem,Kobiye Destek
Halil,Kobiye Destek
Murat,Kobiye Destek
Mustafa,Kobiye Destek
Yağmur,Kobiye Destek
Enes,Kobiye Destek
Aysel,Kobiye Destek
Burak,Kobiye Destek
Hatice,Kobiye Destek
Leyla,Kobiye Destek
Fatma,Kobiye Destek
Songül,Kobiye Destek
Büşra,Kobiye Destek
Ayşe,Kobiye Destek
Kübra,Kobiye Destek
Murat,Kobiye Destek
Serkan,Kobiye Destek
Songül,Kobiye Destek
Halil,Kobiye Destek
Hasan,Kobiye Destek
Osman,Kobiye Destek
Serkan,Kobiye Destek
Fadime,Kobiye Destek
Emine,Kobiye Destek
Elif,Kobiye Destek
Enes,Kobiye Destek
Merve,Kobiye Destek
Hülya,Kobiye Destek
Muhammed,Kobiye Destek
Fatih,Kobiye Destek
Fatih,Kobiye Destek
Burak,Kobiye Destek
Emine,Kobiye Destek
Süleyman,Kobiye Destek
Rabia,Kobiye Destek
Özlem,Kobiye Destek
Emre,Kobiye Destek
Ayşegül,Kobiye Destek
Merve,Kobiye Destek
Emine,Kobiye Destek
Meryem,Kobiye Destek
Zeynep,Kobiye Destek
Fatma,Kobiye Destek
Murat,Kobiye Destek
Özlem,Kobiye Destek
Hülya,Kobiye Destek
Ömer,Kobiye Destek
Zehra,Kobiye Destek
Ali,Kobiye Destek
Yusuf,Kobiye Destek
Dilek,Kobiye Destek
Kadir,Kobiye Destek
Murat,Kobiye Destek
Merve,Kobiye Destek
Meryem,Kobiye Destek
Osman,Kobiye Destek
İsmail,Kobiye Destek
Hülya,Kobiye Destek
Enes,Kobiye Destek
Mustafa,Kobiye Destek
Hatice,Kobiye Destek
Halil,Kobiye Destek
Ömer,Kobiye Destek
Adem,Kobiye Destek
Merve,Kobiye Destek
Merve,Kobiye Destek
Dilek,Kobiye Destek
Murat,Kobiye Destek
Havva,Kobiye Destek
Hasan,Kobiye Destek
Zeynep,Kobiye Destek
Sevim,Kobiye Destek
Esra,Kobiye Destek
Ayşegül,Kobiye Destek
Hülya,Kobiye Destek
Rabia,Kobiye Destek
Sevim,Kobiye Destek
Rabia,Kobiye Destek
Yasemin,Kobiye Destek
Zeynep,Kobiye Destek
Ali,Kobiye Destek
Yusuf,Kobiye Destek
Murat,Kobiye Destek
Recep,Kobiye Destek
Yağmur,Kobiye Destek
Osman,Kobiye Destek
Yusuf,Kobiye Destek
Emine,Kobiye Destek
Havva,Kobiye Destek
Adem,Kobiye Destek
Esra,Kobiye Destek
Osman,Kobiye Destek
Özlem,Kobiye Destek
Adem,Kobiye Destek
Hasan,Kobiye Destek
Burak,Kobiye Destek
Emine,Kobiye Destek
Metin,Kobiye Destek
Ahmet,Kobiye Destek
Furkan,Kobiye Destek
Emre,Kobiye Destek
Dilek,Kobiye Destek
Hatice,Kobiye Destek
Muhammed,Kobiye Destek
Yağmur,Kobiye Destek
Zeynep,Kobiye Destek
Aysel,Kobiye Destek
Hacer,Kobiye Destek
Büşra,Kobiye Destek
Adem,Kobiye Destek
Kübra,Kobiye Destek
Zehra,Kobiye Destek
Furkan,Kobiye Destek
Merve,Kobiye Destek
Merve,Kobiye Destek
Songül,Kobiye Destek
Adem,Kobiye Destek
Kadir,Kobiye Destek
Hasan,Kobiye Destek
Aysel,Kobiye Destek
Kadir,Kobiye Destek
Fatih,Kobiye Destek
Yusuf,Kobiye Destek
Fadime,Kobiye Destek
Süleyman,Kobiye Destek
Dilek,Kobiye Destek
Ömer,Kobiye Destek
Elif,Kobiye Destek
Ramazan,Kobiye Destek
Tuğba,Kobiye Destek
Ali,Kobiye Destek
Havva,Kobiye Destek
Songül,Kobiye Destek
Osman,Kobiye Destek
Rabia,Kobiye Destek
Fadime,Kobiye Destek
Metin,Kobiye Destek
Yasemin,Kobiye Destek
Yasemin,Kobiye Destek
Yasemin,Kobiye Destek
Ahmet,Kobiye Destek
Abdullah,Kobiye Destek
Halil,Kobiye Destek
Zehra,Kobiye Destek
Dilek,Kobiye Destek
Burak,Kobiye Destek
Burak,Kobiye Destek
Sultan,Kobiye Destek
Burak,Kobiye Destek
Zeynep,Kobiye Destek
Muhammed,Kobiye Destek
Emre,Kobiye Destek
Yasemin,Kobiye Destek
Kadir,Kobiye Destek
Abdullah,Kobiye Destek
Esra,Kobiye Destek
Dilek,Kobiye Destek
Fadime,Kobiye Destek
Yusuf,Kobiye Destek
Songül,Kobiye Destek
Serkan,Kobiye Destek
Mehmet,Kobiye Destek
Zeynep,Kobiye Destek
Enes,Kobiye Destek
Ayşegül,Kobiye Destek
Büşra,Kobiye Destek
İsmail,Kobiye Destek
Hakan,Kobiye Destek
Mehmet,Kobiye Destek
Abdullah,Kobiye Destek
Mahmut,Kobiye Destek
Yağmur,Kobiye Destek
Tuğba,Kobiye Destek
Zehra,Kobiye Destek
Yağmur,Kobiye Destek
Mustafa,Kobiye Destek
Burak,Kobiye Destek
Abdullah,Kobiye Destek
Metin,Kobiye Destek
Abdullah,Kobiye Destek
Özlem,Kobiye Destek
Emre,Kobiye Destek
Süleyman,Kobiye Destek
Hakan,Kobiye Destek
Hakan,Kobiye Destek
Abdullah,Kobiye Destek
Yağmur,Kobiye Destek
Fadime,Kobiye Destek
Yağmur,Kobiye Destek
Songül,Kobiye Destek
Elif,Kobiye Destek
Ayşegül,Kobiye Destek
Fatih,Kobiye Destek
Yasin,Kobiye Destek
Songül,Kobiye Destek
Özlem,Kobiye Destek
Fadime,Kobiye Destek
Abdullah,Kobiye Destek
Yasemin,Kobiye Destek
Abdullah,Kobiye Destek
Osman,Kobiye Destek
Recep,Kobiye Destek
Havva,Kobiye Destek
Murat,Kobiye Destek
Leyla,Kobiye Destek
Yusuf,Kobiye Destek
Hakan,Kobiye Destek
Hatice,Kobiye Destek
Ali,Kobiye Destek
Ayşegül,Kobiye Destek
Leyla,Kobiye Destek
Sevim,Kobiye Destek
Murat,Kobiye Destek
Sevim,Kobiye Destek
Hacer,Kobiye Destek
Elif,Kobiye Destek
Aynur,Kobiye Destek
Hatice,Kobiye Destek
Fadime,Kobiye Destek
Esra,Kobiye Destek
Yusuf,Kobiye Destek
Süleyman,Kobiye Destek
Dilek,Kobiye Destek
Kübra,Kobiye Destek
Rabia,Kobiye Destek
Aysel,Kobiye Destek
Mustafa,Kobiye Destek
Ramazan,Kobiye Destek
Muhammed,Kobiye Destek
Mehmet,Kobiye Destek
Yağmur,Kobiye Destek
Abdullah,Kobiye Destek
Osman,Kobiye Destek
Mustafa,Kobiye Destek
Dilek,Kobiye Destek
Osman,Kobiye Destek
Muhammed,Kobiye Destek
Yasin,Kobiye Destek
Ali,Kobiye Destek
Aysel,Kobiye Destek
Merve,Kobiye Destek
Meryem,Kobiye Destek
Elif,Kobiye Destek
Hasan,Kobiye Destek
Emre,Kobiye Destek
Adem,Kobiye Destek
Adem,Kobiye Destek
Enes,Kobiye Destek
Ömer,Kobiye Destek
Fatih,Kobiye Destek
Songül,Kobiye Destek
Sultan,Kobiye Destek
Serkan,Kobiye Destek
Rabia,Kobiye Destek
Recep,Kobiye Destek
Burak,Kobiye Destek
Burak,Kobiye Destek
Mehmet,Kobiye Destek
Elif,Kobiye Destek
Murat,Kobiye Destek
Büşra,Kobiye Destek
Kübra,Kobiye Destek
Hülya,Kobiye Destek
Rabia,Kobiye Destek
Elif,Kobiye Destek
Recep,Kobiye Destek
Süleyman,Kobiye Destek
Rabia,Kobiye Destek
Murat,Kobiye Destek
Adem,Kobiye Destek
Burak,Kobiye Destek
Tuğba,Kobiye Destek
Halil,Kobiye Destek
Fatma,Kobiye Destek
Merve,Kobiye Destek
Aysel,Kobiye Destek
Özlem,Kobiye Destek
Yağmur,Kobiye Destek
Melek,Kobiye Destek
Metin,Kobiye Destek
Enes,Kobiye Destek
Yasin,Kobiye Destek
Merve,Kobiye Destek
Sevim,Kobiye Destek
Sevim,Kobiye Destek
Adem,Kobiye Destek
Abdullah,Kobiye Destek
Meryem,Kobiye Destek
Ayşe,Kobiye Destek
Songül,Kobiye Destek
Osman,Kobiye Destek
Ayşe,Kobiye Destek
Sultan,Kobiye Destek
Yasin,Kobiye Destek
Ömer,Kobiye Destek
Emre,Kobiye Destek
Hacer,Kobiye Destek
Hacer,Kobiye Destek
Ali,Kobiye Destek
Aynur,Kobiye Destek
Kadir,Kobiye Destek
Ramazan,Kobiye Destek
Metin,Kobiye Destek
Fatma,Kobiye Destek
Emre,Kobiye Destek
Aysel,Kobiye Destek
Sevim,Kobiye Destek
Aysel,Kobiye Destek
Emre,Kobiye Destek
Aysel,Kobiye Destek
Süleyman,Kobiye Destek
Serkan,Kobiye Destek
Hülya,Kobiye Destek
Havva,Kobiye Destek
Leyla,Kobiye Destek
Recep,Kobiye Destek
Hakan,Kobiye Destek
Esra,Kobiye Destek
Mehmet,Kobiye Destek
Yasemin,Kobiye Destek
Aynur,Kobiye Destek
Yasin,Kobiye Destek
İsmail,Kobiye Destek
Zeynep,Kobiye Destek
Havva,Kobiye Destek
Songül,Kobiye Destek
Merve,Kobiye Destek
Aysel,Kobiye Destek
Esra,Kobiye Destek
Aynur,Kobiye Destek
Meryem,Kobiye Destek
Rabia,Kobiye Destek
Kübra,Kobiye Destek
Zeynep,Kobiye Destek
Kübra,Kobiye Destek
Abdullah,Kobiye Destek
Fatma,Kobiye Destek
Mustafa,Kobiye Destek
Zehra,Kobiye Destek
Fatih,Kobiye Destek
Enes,Kobiye Destek
Kadir,Kobiye Destek
Yasemin,Kobiye Destek
Ahmet,Kobiye Destek
Hacer,Kobiye Destek
Ahmet,Kobiye Destek
Rabia,Kobiye Destek
Leyla,Kobiye Destek
Yasin,Kobiye Destek
Osman,Kobiye Destek
Aynur,Kobiye Destek
Meryem,Kobiye Destek
Ayşe,Kobiye Destek
Ömer,Kobiye Destek
Süleyman,Kobiye Destek
Meryem,Kobiye Destek
Abdullah,Kobiye Destek
Süleyman,Kobiye Destek
Ramazan,Kobiye Destek
Zehra,Kobiye Destek
Yasemin,Kobiye Destek
Kübra,Kobiye Destek
Zehra,Kobiye Destek
Emre,Kobiye Destek
Rabia,Kobiye Destek
Leyla,Kobiye Destek
Tuğba,Kobiye Destek
Ahmet,Kobiye Destek
Esra,Kobiye Destek
Zehra,Kobiye Destek
Adem,Kobiye Destek
Büşra,Kobiye Destek
Murat,Kobiye Destek
Serkan,Kobiye Destek
Hakan,Kobiye Destek
Sultan,Kobiye Destek
Hakan,Kobiye Destek
Özlem,Kobiye Destek
Hakan,Kobiye Destek
Kadir,Kobiye Destek
Fatih,Kobiye Destek
Halil,Kobiye Destek
Leyla,Kobiye Destek
Mahmut,Kobiye Destek
Mehmet,Kobiye Destek
Metin,Kobiye Destek
Ahmet,Kobiye Destek
Hasan,Kobiye Destek
Osman,Kobiye Destek
Zeynep,Kobiye Destek
Ali,Kobiye Destek
Süleyman,Kobiye Destek
Hülya,Kobiye Destek
İbrahim,Kobiye Destek
Murat,Kobiye Destek
Kübra,Kobiye Destek
Abdullah,Kobiye Destek
Hülya,Kobiye Destek
Fatma,Kobiye Destek
Leyla,Kobiye Destek
Mahmut,Kobiye Destek
Ali,Kobiye Destek
Esra,Kobiye Destek
Fatma,Kobiye Destek
Zeynep,Kobiye Destek
Aysel,Kobiye Destek
Yağmur,Kobiye Destek
Sevim,Kobiye Destek
Hacer,Kobiye Destek
Kadir,Kobiye Destek
Merve,Kobiye Destek
Recep,Kobiye Destek
Emre,Kobiye Destek
Abdullah,Kobiye Destek
Melek,Kobiye Destek
Ömer,Kobiye Destek
İbrahim,Kobiye Destek
Elif,Kobiye Destek
Songül,Kobiye Destek
Osman,Kobiye Destek
Zehra,Kobiye Destek
Merve,Kobiye Destek
Ayşegül,Kobiye Destek
Emre,Kobiye Destek
Metin,Kobiye Destek
Burak,Kobiye Destek
Zeynep,Kobiye Destek
Hülya,Kobiye Destek
Emre,Kobiye Destek
Burak,Kobiye Destek
Merve,Kobiye Destek
İsmail,Kobiye Destek
Hatice,Kobiye Destek
Mustafa,Kobiye Destek
Fatih,Kobiye Destek
Hasan,Kobiye Destek
Kübra,Kobiye Destek
Osman,Kobiye Destek
Süleyman,Kobiye Destek
Osman,Kobiye Destek
İbrahim,Kobiye Destek
Mehmet,Kobiye Destek
Süleyman,Kobiye Destek
Yasin,Kobiye Destek
Fatma,Kobiye Destek
Recep,Kobiye Destek
Fatma,Kobiye Destek
Hasan,Kobiye Destek
Hacer,Kobiye Destek
Hülya,Kobiye Destek
Dilek,Kobiye Destek
Burak,Kobiye Destek
İbrahim,Kobiye Destek
Ahmet,Kobiye Destek
Ayşe,Kobiye Destek
Havva,Kobiye Destek
Hasan,Kobiye Destek
Sevim,Kobiye Destek
Hüseyin,Kobiye Destek
Murat,Kobiye Destek
Hakan,Kobiye Destek
Yağmur,Kobiye Destek
Yasemin,Kobiye Destek
Fatih,Kobiye Destek
Emre,Kobiye Destek
Osman,Kobiye Destek
Emre,Kobiye Destek
Merve,Kobiye Destek
Furkan,Kobiye Destek
Özlem,Kobiye Destek
Hacer,Kobiye Destek
Zehra,Kobiye Destek
Zehra,Kobiye Destek
Elif,Kobiye Destek
Osman,Kobiye Destek
Havva,Kobiye Destek
Fatma,Kobiye Destek
Hakan,Kobiye Destek
Emre,Kobiye Destek
Esra,Kobiye Destek
Melek,Kobiye Destek
Sultan,Kobiye Destek
Halil,Kobiye Destek
Havva,Kobiye Destek
Aynur,Kobiye Destek
Elif,Kobiye Destek
Ayşe,Kobiye Destek
Leyla,Kobiye Destek
Yasemin,Kobiye Destek
Ali,Kobiye Destek
Büşra,Kobiye Destek
Kübra,Kobiye Destek
Ahmet,Kobiye Destek
Yasemin,Kobiye Destek
Adem,Kobiye Destek
Fadime,Kobiye Destek
Büşra,Kobiye Destek
Yağmur,Kobiye Destek
Fatih,Kobiye Destek
Yağmur,Kobiye Destek
Merve,Kobiye Destek
Fatih,Kobiye Destek
Furkan,Kobiye Destek
Ayşe,Kobiye Destek
Rabia,Kobiye Destek
Sevim,Kobiye Destek
Sevim,Kobiye Destek
Yasin,Kobiye Destek
Merve,Kobiye Destek
Serkan,Kobiye Destek
Meryem,Kobiye Destek
Elif,Kobiye Destek
Adem,Kobiye Destek
Songül,Kobiye Destek
Dilek,Kobiye Destek
Songül,Kobiye Destek
Halil,Kobiye Destek
Fadime,Kobiye Destek
Recep,Kobiye Destek
Yağmur,Kobiye Destek
Metin,Kobiye Destek
Yağmur,Kobiye Destek
Serkan,Kobiye Destek
Kübra,Kobiye Destek
Ali,Kobiye Destek
Hülya,Kobiye Destek
Hacer,Kobiye Destek
Zehra,Kobiye Destek
Ayşe,Kobiye Destek
Hacer,Kobiye Destek
Halil,Kobiye Destek
Dilek,Kobiye Destek
Ali,Kobiye Destek
Abdullah,Kobiye Destek
Emre,Kobiye Destek
Furkan,Kobiye Destek
Ayşegül,Kobiye Destek
Burak,Kobiye Destek
Abdullah,Kobiye Destek
Hülya,Kobiye Destek
Metin,Kobiye Destek
Özlem,Kobiye Destek
Zeynep,Kobiye Destek
Yusuf,Kobiye Destek
Fatih,Kobiye Destek
Süleyman,Kobiye Destek
Ahmet,Kobiye Destek
Yasin,Kobiye Destek
Osman,Kobiye Destek
Fadime,Kobiye Destek
Furkan,Kobiye Destek
Büşra,Kobiye Destek
Osman,Kobiye Destek
Murat,Kobiye Destek
Esra,Kobiye Destek
Özlem,Kobiye Destek
Fatih,Kobiye Destek
Melek,Kobiye Destek
Aysel,Kobiye Destek
Havva,Kobiye Destek
Dilek,Kobiye Destek
Havva,Kobiye Destek
Metin,Kobiye Destek
Zeynep,Kobiye Destek
Dilek,Kobiye Destek
Hülya,Kobiye Destek
Sultan,Kobiye Destek
Leyla,Kobiye Destek
Recep,Kobiye Destek
Büşra,Kobiye Destek
Fadime,Kobiye Destek
Songül,Kobiye Destek
Yasemin,Kobiye Destek
Yasemin,Kobiye Destek
Rabia,Kobiye Destek
Hülya,Kobiye Destek
Emine,Kobiye Destek
Zeynep,Kobiye Destek
Hasan,Kobiye Destek
Fadime,Kobiye Destek
Özlem,Kobiye Destek
Halil,Kobiye Destek
Yağmur,Kobiye Destek
Recep,Kobiye Destek
Recep,Kobiye Destek
Kadir,Kobiye Destek
Serkan,Kobiye Destek
İbrahim,Kobiye Destek
Abdullah,Kobiye Destek
Murat,Kobiye Destek
Hasan,Kobiye Destek
Fatma,Kobiye Destek
Osman,Kobiye Destek
Melek,Kobiye Destek
Aynur,Kobiye Destek
Yağmur,Kobiye Destek
Ayşe,Kobiye Destek
Ali,Kobiye Destek
Enes,Kobiye Destek
Ayşegül,Kobiye Destek
Yusuf,Kobiye Destek
Songül,Kobiye Destek
Büşra,Kobiye Destek
Özlem,Kobiye Destek
Songül,Kobiye Destek
Tuğba,Kobiye Destek
Ali,Kobiye Destek
Aysel,Kobiye Destek
Tuğba,Kobiye Destek
Zeynep,Kobiye Destek
Serkan,Kobiye Destek
Yağmur,Kobiye Destek
Abdullah,Kobiye Destek
Esra,Kobiye Destek
İsmail,Kobiye Destek
Adem,Kobiye Destek
Sevim,Kobiye Destek
Ayşegül,Kobiye Destek
Melek,Kobiye Destek
Sultan,Kobiye Destek
Kadir,Kobiye Destek
Mustafa,Kobiye Destek
Süleyman,Kobiye Destek
Esra,Kobiye Destek
Süleyman,Kobiye Destek
Tuğba,Kobiye Destek
Yağmur,Kobiye Destek
Yasin,Kobiye Destek
Songül,Kobiye Destek
Esra,Kobiye Destek
Hakan,Kobiye Destek
Mustafa,Kobiye Destek
Yasemin,Kobiye Destek
Burak,Kobiye Destek
Yasemin,Kobiye Destek
Ahmet,Kobiye Destek
Meryem,Kobiye Destek
Meryem,Kobiye Destek
Ali,Kobiye Destek
Yağmur,Kobiye Destek
Mahmut,Kobiye Destek
Esra,Kobiye Destek
Fadime,Kobiye Destek
Hasan,Kobiye Destek
Hasan,Kobiye Destek
Aynur,Kobiye Destek
Emre,Kobiye Destek
Aynur,Kobiye Destek
Esra,Kobiye Destek
Osman,Kobiye Destek
Yusuf,Kobiye Destek
Aysel,Kobiye Destek
Osman,Kobiye Destek
Leyla,Kobiye Destek
İsmail,Kobiye Destek
Serkan,Kobiye Destek
Ahmet,Kobiye Destek
Ramazan,Kobiye Destek
Elif,Kobiye Destek
Osman,Kobiye Destek
Adem,Kobiye Destek
Emre,Kobiye Destek
Sevim,Kobiye Destek
Merve,Kobiye Destek
Osman,Kobiye Destek
Halil,Kobiye Destek
Ahmet,Kobiye Destek
Serkan,Kobiye Destek
Furkan,Kobiye Destek
Aysel,Kobiye Destek
Songül,Kobiye Destek
Hüseyin,Kobiye Destek
Abdullah,Kobiye Destek
Songül,Kobiye Destek
Aynur,Kobiye Destek
Fatih,Kobiye Destek
Metin,Kobiye Destek
Sevim,Kobiye Destek
Metin,Kobiye Destek
Osman,Kobiye Destek
Mehmet,Kobiye Destek
Yusuf,Kobiye Destek
Sultan,Kobiye Destek
Süleyman,Kobiye Destek
Fadime,Kobiye Destek
Enes,Kobiye Destek
Havva,Kobiye Destek
Ramazan,Kobiye Destek
Fatma,Kobiye Destek
Rabia,Kobiye Destek
Yusuf,Kobiye Destek
Yusuf,Kobiye Destek
Fadime,Kobiye Destek
Ömer,Kobiye Destek
Merve,Kobiye Destek
Esra,Kobiye Destek
Ramazan,Kobiye Destek
Tuğba,Kobiye Destek
Merve,Kobiye Destek
Merve,Kobiye Destek
Kadir,Kobiye Destek
Fadime,Kobiye Destek
Emre,Kobiye Destek
Hülya,Kobiye Destek
Halil,Kobiye Destek
Merve,Kobiye Destek
Hakan,Kobiye Destek
Melek,Kobiye Destek
Hacer,Kobiye Destek
Meryem,Kobiye Destek
Fatma,Kobiye Destek
Rabia,Kobiye Destek
Rabia,Kobiye Destek
Osman,Kobiye Destek
Burak,Kobiye Destek
Fatih,Kobiye Destek
Abdullah,Kobiye Destek
Abdullah,Kobiye Destek
Elif,Kobiye Destek
Emre,Kobiye Destek
Kadir,Kobiye Destek
Fatih,Kobiye Destek
Fadime,Kobiye Destek
Recep,Kobiye Destek
Özlem,Kobiye Destek
Hasan,Kobiye Destek
Süleyman,Kobiye Destek
Esra,Kobiye Destek
Burak,Kobiye Destek
Ramazan,Kobiye Destek
Fatma,Kobiye Destek
Hakan,Kobiye Destek
Hülya,Kobiye Destek
Dilek,Kobiye Destek
Zehra,Kobiye Destek
Sultan,Kobiye Destek
Hakan,Kobiye Destek
Ramazan,Kobiye Destek
Özlem,Kobiye Destek
Ramazan,Kobiye Destek
Aynur,Kobiye Destek
Esra,Kobiye Destek
Fatih,Kobiye Destek
Sevim,Kobiye Destek
Abdullah,Kobiye Destek
Recep,Kobiye Destek
Enes,Kobiye Destek
Halil,Kobiye Destek
Büşra,Kobiye Destek
Yasemin,Kobiye Destek
Zehra,Kobiye Destek
Emre,Kobiye Destek
Abdullah,Kobiye Destek
Meryem,Kobiye Destek
Recep,Kobiye Destek
Metin,Kobiye Destek
Songül,Kobiye Destek
Süleyman,Kobiye Destek
İbrahim,Kobiye Destek
Yasin,Kobiye Destek
Yasin,Kobiye Destek
Aynur,Kobiye Destek
Serkan,Kobiye Destek
Abdullah,Kobiye Destek
Esra,Kobiye Destek
Sultan,Kobiye Destek
Ayşegül,Kobiye Destek
Sevim,Kobiye Destek
Ramazan,Kobiye Destek
Yasin,Kobiye Destek
Ayşegül,Kobiye Destek
Yasin,Kobiye Destek
Sevim,Kobiye Destek
Adem,Kobiye Destek
Fatih,Kobiye Destek
Ayşe,Kobiye Destek
İsmail,Kobiye Destek
Osman,Kobiye Destek
Fadime,Kobiye Destek
Yasin,Kobiye Destek
Dilek,Kobiye Destek
Hatice,Kobiye Destek
Yasemin,Kobiye Destek
Hülya,Kobiye Destek
Melek,Kobiye Destek
Özlem,Kobiye Destek
