"NAME","PAYMENT_STATUS"
Süleyman,UNPAID
Tuğba,UNPAID
Esra,UNPAID
Ahmet,UNPAID
Hülya,UNPAID
İbrahim,UNPAID
Özlem,UNPAID
Yusuf,UNPAID
Zehra,UNPAID
Tuğba,UNPAID
Sevim,UNPAID
Serkan,UNPAID
Elif,UNPAID
Elif,UNPAID
Kübra,UNPAID
Yağmur,UNPAID
Halil,UNPAID
Fadime,UNPAID
Fadime,UNPAID
Burak,UNPAID
Serkan,UNPAID
Yusuf,UNPAID
Yağmur,UNPAID
Melek,UNPAID
Murat,UNPAID
Yasemin,UNPAID
Hülya,UNPAID
Aysel,UNPAID
Murat,UNPAID
Abdullah,UNPAID
Osman,UNPAID
Ayşegül,UNPAID
Sevim,UNPAID
Muhammed,UNPAID
Büşra,UNPAID
Enes,UNPAID
Murat,UNPAID
Rabia,UNPAID
Yağmur,UNPAID
Aynur,UNPAID
Ahmet,UNPAID
Melek,UNPAID
Yusuf,UNPAID
Sevim,UNPAID
Meryem,UNPAID
Aysel,UNPAID
Esra,UNPAID
Süleyman,UNPAID
Fadime,UNPAID
Ahmet,UNPAID
Songül,UNPAID
Süleyman,UNPAID
Ahmet,UNPAID
Murat,UNPAID
Yasin,UNPAID
Ali,UNPAID
Tuğba,UNPAID
Meryem,UNPAID
Zeynep,UNPAID
Leyla,UNPAID
Emine,UNPAID
Mustafa,UNPAID
Yasin,UNPAID
Özlem,UNPAID
Dilek,UNPAID
İbrahim,UNPAID
Merve,UNPAID
Adem,UNPAID
Dilek,UNPAID
Yusuf,UNPAID
Hacer,UNPAID
Adem,UNPAID
Sultan,UNPAID
Hacer,UNPAID
Hakan,UNPAID
Aysel,UNPAID
Hacer,UNPAID
Muhammed,UNPAID
Enes,UNPAID
Meryem,UNPAID
Abdullah,UNPAID
Süleyman,UNPAID
Hülya,UNPAID
Kadir,UNPAID
Zehra,UNPAID
Songül,UNPAID
Osman,UNPAID
Merve,UNPAID
Özlem,UNPAID
Yusuf,UNPAID
Ayşegül,UNPAID
Merve,UNPAID
Zehra,UNPAID
Leyla,UNPAID
Enes,UNPAID
Rabia,UNPAID
Özlem,UNPAID
Fatih,UNPAID
Yağmur,UNPAID
Esra,UNPAID
Emre,UNPAID
Dilek,UNPAID
Hülya,UNPAID
Zeynep,UNPAID
Yağmur,UNPAID
Aysel,UNPAID
Ahmet,UNPAID
Songül,UNPAID
Tuğba,UNPAID
Özlem,UNPAID
Burak,UNPAID
Ömer,UNPAID
Ömer,UNPAID
Rabia,UNPAID
Aynur,UNPAID
Ali,UNPAID
Mustafa,UNPAID
Aysel,UNPAID
Mustafa,UNPAID
Ayşegül,UNPAID
Ahmet,UNPAID
Sultan,UNPAID
Ahmet,UNPAID
Emre,UNPAID
Fatih,UNPAID
Muhammed,UNPAID
Fatma,UNPAID
Sevim,UNPAID
Kübra,UNPAID
Mahmut,UNPAID
İsmail,UNPAID
Yusuf,UNPAID
Hülya,UNPAID
Hatice,UNPAID
Songül,UNPAID
İbrahim,UNPAID
Mustafa,UNPAID
Burak,UNPAID
Elif,UNPAID
Ayşe,UNPAID
Murat,UNPAID
Hatice,UNPAID
Tuğba,UNPAID
Osman,UNPAID
Havva,UNPAID
Metin,UNPAID
Aysel,UNPAID
Fadime,UNPAID
Zehra,UNPAID
Fadime,UNPAID
Hatice,UNPAID
İbrahim,UNPAID
Mustafa,UNPAID
Ali,UNPAID
Halil,UNPAID
Sevim,UNPAID
Elif,UNPAID
Emre,UNPAID
Hülya,UNPAID
Sevim,UNPAID
Ayşe,UNPAID
Emre,UNPAID
İbrahim,UNPAID
Büşra,UNPAID
Elif,UNPAID
Emre,UNPAID
Aysel,UNPAID
Emine,UNPAID
Süleyman,UNPAID
Emre,UNPAID
Yasemin,UNPAID
Sevim,UNPAID
Hatice,UNPAID
Leyla,UNPAID
Fatma,UNPAID
Mahmut,UNPAID
Zehra,UNPAID
Hakan,UNPAID
Hülya,UNPAID
Yasemin,UNPAID
Kübra,UNPAID
Ayşegül,UNPAID
Büşra,UNPAID
Meryem,UNPAID
Büşra,UNPAID
Muhammed,UNPAID
Zehra,UNPAID
Abdullah,UNPAID
Muhammed,UNPAID
Fatih,UNPAID
Ali,UNPAID
Furkan,UNPAID
Songül,UNPAID
Hülya,UNPAID
Enes,UNPAID
Recep,UNPAID
Aysel,UNPAID
Aynur,UNPAID
Zehra,UNPAID
Hakan,UNPAID
Emre,UNPAID
Ömer,UNPAID
Elif,UNPAID
Yasin,UNPAID
Yağmur,UNPAID
Aysel,UNPAID
Enes,UNPAID
Burak,UNPAID
Hacer,UNPAID
Osman,UNPAID
Rabia,UNPAID
Yağmur,UNPAID
Sultan,UNPAID
Fadime,UNPAID
Osman,UNPAID
Yasemin,UNPAID
Fatma,UNPAID
Fatih,UNPAID
Meryem,UNPAID
Halil,UNPAID
Emre,UNPAID
Zehra,UNPAID
Rabia,UNPAID
Burak,UNPAID
Yağmur,UNPAID
Osman,UNPAID
Havva,UNPAID
Ali,UNPAID
Leyla,UNPAID
Ayşegül,UNPAID
Kadir,UNPAID
Özlem,UNPAID
Adem,UNPAID
Adem,UNPAID
Elif,UNPAID
Sultan,UNPAID
Ahmet,UNPAID
Hülya,UNPAID
Ali,UNPAID
Halil,UNPAID
Ali,UNPAID
Emre,UNPAID
Melek,UNPAID
Yağmur,UNPAID
Furkan,UNPAID
Songül,UNPAID
Serkan,UNPAID
Mustafa,UNPAID
Kübra,UNPAID
Süleyman,UNPAID
Ramazan,UNPAID
Abdullah,UNPAID
Fadime,UNPAID
Esra,UNPAID
Yasemin,UNPAID
Tuğba,UNPAID
Ayşe,UNPAID
Yusuf,UNPAID
Fatma,UNPAID
Fatih,UNPAID
Merve,UNPAID
Yusuf,UNPAID
Özlem,UNPAID
Dilek,UNPAID
Halil,UNPAID
Furkan,UNPAID
Ahmet,UNPAID
Melek,UNPAID
Fadime,UNPAID
Leyla,UNPAID
Hülya,UNPAID
Burak,UNPAID
Serkan,UNPAID
Meryem,UNPAID
Osman,UNPAID
Elif,UNPAID
Halil,UNPAID
Osman,UNPAID
Rabia,UNPAID
Süleyman,UNPAID
Yağmur,UNPAID
Fatma,UNPAID
Tuğba,UNPAID
Ayşegül,UNPAID
Mustafa,UNPAID
Ömer,UNPAID
Halil,UNPAID
Dilek,UNPAID
Özlem,UNPAID
Emre,UNPAID
Hasan,UNPAID
Osman,UNPAID
Ahmet,UNPAID
Büşra,UNPAID
Leyla,UNPAID
Merve,UNPAID
Hasan,UNPAID
Fadime,UNPAID
Yasin,UNPAID
Fatih,UNPAID
Furkan,UNPAID
Mustafa,UNPAID
Ramazan,UNPAID
Burak,UNPAID
Merve,UNPAID
Ayşegül,UNPAID
Merve,UNPAID
Dilek,UNPAID
Fatih,UNPAID
Merve,UNPAID
Hüseyin,UNPAID
Rabia,UNPAID
Yusuf,UNPAID
Merve,UNPAID
Recep,UNPAID
Özlem,UNPAID
Esra,UNPAID
Sultan,UNPAID
Ahmet,UNPAID
Hasan,UNPAID
Murat,UNPAID
Tuğba,UNPAID
Serkan,UNPAID
Osman,UNPAID
Ömer,UNPAID
Özlem,UNPAID
Fadime,UNPAID
Meryem,UNPAID
Yasin,UNPAID
Ali,UNPAID
Murat,UNPAID
Büşra,UNPAID
Fatih,UNPAID
Yasemin,UNPAID
Leyla,UNPAID
Yasemin,UNPAID
Meryem,UNPAID
Mustafa,UNPAID
Kübra,UNPAID
Meryem,UNPAID
Burak,UNPAID
Zehra,UNPAID
Serkan,UNPAID
Fatma,UNPAID
Halil,UNPAID
Yasin,UNPAID
Yusuf,UNPAID
Mustafa,UNPAID
Yasemin,UNPAID
Hülya,UNPAID
Dilek,UNPAID
Sultan,UNPAID
Leyla,UNPAID
Fatma,UNPAID
Fadime,UNPAID
Zeynep,UNPAID
Aysel,UNPAID
Hakan,UNPAID
Halil,UNPAID
Hacer,UNPAID
Melek,UNPAID
Yasemin,UNPAID
Abdullah,UNPAID
Rabia,UNPAID
Rabia,UNPAID
Aysel,UNPAID
Merve,UNPAID
İsmail,UNPAID
Dilek,UNPAID
Yusuf,UNPAID
Havva,UNPAID
Ayşegül,UNPAID
Yağmur,UNPAID
Yağmur,UNPAID
Serkan,UNPAID
Leyla,UNPAID
Yasin,UNPAID
Burak,UNPAID
Recep,UNPAID
Sultan,UNPAID
Adem,UNPAID
Havva,UNPAID
Serkan,UNPAID
Esra,UNPAID
Abdullah,UNPAID
Adem,UNPAID
Yasin,UNPAID
Enes,UNPAID
Enes,UNPAID
Fatma,UNPAID
Büşra,UNPAID
Ali,UNPAID
Songül,UNPAID
Tuğba,UNPAID
Yasemin,UNPAID
Zehra,UNPAID
Rabia,UNPAID
Rabia,UNPAID
Metin,UNPAID
Zeynep,UNPAID
Ramazan,UNPAID
Hacer,UNPAID
Ömer,UNPAID
Hülya,UNPAID
Mehmet,UNPAID
Metin,UNPAID
Havva,UNPAID
Tuğba,UNPAID
Murat,UNPAID
Süleyman,UNPAID
Emine,UNPAID
Hakan,UNPAID
Yasin,UNPAID
Sevim,UNPAID
Adem,UNPAID
Zehra,UNPAID
Abdullah,UNPAID
Hasan,UNPAID
Emre,UNPAID
Sultan,UNPAID
Murat,UNPAID
Fatih,UNPAID
Meryem,UNPAID
Büşra,UNPAID
Büşra,UNPAID
Süleyman,UNPAID
Hülya,UNPAID
Süleyman,UNPAID
Emine,UNPAID
Adem,UNPAID
Aysel,UNPAID
Ömer,UNPAID
Abdullah,UNPAID
Kadir,UNPAID
Meryem,UNPAID
Recep,UNPAID
Hatice,UNPAID
Halil,UNPAID
Zeynep,UNPAID
Melek,UNPAID
Osman,UNPAID
Ömer,UNPAID
Kadir,UNPAID
Mahmut,UNPAID
Fadime,UNPAID
Havva,UNPAID
Hakan,UNPAID
Burak,UNPAID
Furkan,UNPAID
Melek,UNPAID
Yasemin,UNPAID
İbrahim,UNPAID
Yağmur,UNPAID
Meryem,UNPAID
Merve,UNPAID
Ayşe,UNPAID
Osman,UNPAID
Murat,UNPAID
Yağmur,UNPAID
Enes,UNPAID
Mehmet,UNPAID
Adem,UNPAID
Fadime,UNPAID
Ramazan,UNPAID
Enes,UNPAID
Abdullah,UNPAID
Büşra,UNPAID
Sultan,UNPAID
Esra,UNPAID
Songül,UNPAID
İbrahim,UNPAID
Songül,UNPAID
Ahmet,UNPAID
Melek,UNPAID
Recep,UNPAID
Yasin,UNPAID
Esra,UNPAID
Emine,UNPAID
Fatih,UNPAID
Esra,UNPAID
Rabia,UNPAID
Hülya,UNPAID
Osman,UNPAID
Özlem,UNPAID
Fadime,UNPAID
Hakan,UNPAID
Osman,UNPAID
Ahmet,UNPAID
Fatma,UNPAID
Metin,UNPAID
Hatice,UNPAID
Hatice,UNPAID
Ayşe,UNPAID
Kadir,UNPAID
Osman,UNPAID
Aysel,UNPAID
Esra,UNPAID
İsmail,UNPAID
Zehra,UNPAID
Ramazan,UNPAID
Sultan,UNPAID
Hasan,UNPAID
Recep,UNPAID
Recep,UNPAID
Fadime,UNPAID
Osman,UNPAID
Adem,UNPAID
Hatice,UNPAID
Dilek,UNPAID
Recep,UNPAID
Ali,UNPAID
Zehra,UNPAID
Hülya,UNPAID
Ramazan,UNPAID
Mustafa,UNPAID
Fatma,UNPAID
Ali,UNPAID
Songül,UNPAID
Ali,UNPAID
Murat,UNPAID
Leyla,UNPAID
Burak,UNPAID
Hasan,UNPAID
Süleyman,UNPAID
Sevim,UNPAID
Mehmet,UNPAID
Furkan,UNPAID
Aysel,UNPAID
Sultan,UNPAID
Yasemin,UNPAID
Recep,UNPAID
Mustafa,UNPAID
Sevim,UNPAID
Hüseyin,UNPAID
Recep,UNPAID
Havva,UNPAID
Muhammed,UNPAID
Fatih,UNPAID
Fatma,UNPAID
Ahmet,UNPAID
Ayşegül,UNPAID
İsmail,UNPAID
Ali,UNPAID
Büşra,UNPAID
Hakan,UNPAID
Yağmur,UNPAID
Leyla,UNPAID
Büşra,UNPAID
Serkan,UNPAID
Emre,UNPAID
Furkan,UNPAID
Ahmet,UNPAID
Enes,UNPAID
Esra,UNPAID
Sevim,UNPAID
Fatih,UNPAID
Özlem,UNPAID
Havva,UNPAID
Enes,UNPAID
Hakan,UNPAID
Mustafa,UNPAID
Zeynep,UNPAID
Büşra,UNPAID
Kübra,UNPAID
Fadime,UNPAID
Emine,UNPAID
Metin,UNPAID
Enes,UNPAID
Aynur,UNPAID
Recep,UNPAID
Zeynep,UNPAID
Emre,UNPAID
Tuğba,UNPAID
Fatih,UNPAID
Ömer,UNPAID
Mahmut,UNPAID
Hacer,UNPAID
Rabia,UNPAID
Özlem,UNPAID
Yasin,UNPAID
Serkan,UNPAID
Ramazan,UNPAID
Havva,UNPAID
Emre,UNPAID
Kadir,UNPAID
Fatma,UNPAID
Kadir,UNPAID
Büşra,UNPAID
Emine,UNPAID
Yasemin,UNPAID
Yasemin,UNPAID
Aysel,UNPAID
Serkan,UNPAID
Aynur,UNPAID
Ömer,UNPAID
Recep,UNPAID
Burak,UNPAID
Aynur,UNPAID
Hatice,UNPAID
Hasan,UNPAID
Mustafa,UNPAID
Kadir,UNPAID
Kübra,UNPAID
Tuğba,UNPAID
Enes,UNPAID
Serkan,UNPAID
Yağmur,UNPAID
Yağmur,UNPAID
İsmail,UNPAID
Yasemin,UNPAID
Zehra,UNPAID
Büşra,UNPAID
Ayşegül,UNPAID
Enes,UNPAID
Elif,UNPAID
Leyla,UNPAID
Rabia,UNPAID
Hüseyin,UNPAID
Elif,UNPAID
Halil,UNPAID
Ahmet,UNPAID
Süleyman,UNPAID
Dilek,UNPAID
Mahmut,UNPAID
Yasemin,UNPAID
Sevim,UNPAID
Melek,UNPAID
Enes,UNPAID
Sevim,UNPAID
Fatih,UNPAID
Hasan,UNPAID
Kadir,UNPAID
Hülya,UNPAID
Yasin,UNPAID
Yağmur,UNPAID
Rabia,UNPAID
Adem,UNPAID
Emre,UNPAID
Dilek,UNPAID
Burak,UNPAID
Enes,UNPAID
Ayşegül,UNPAID
Özlem,UNPAID
Osman,UNPAID
Murat,UNPAID
Tuğba,UNPAID
Dilek,UNPAID
Melek,UNPAID
Hatice,UNPAID
Yağmur,UNPAID
Büşra,UNPAID
Rabia,UNPAID
Yasin,UNPAID
Sultan,UNPAID
Adem,UNPAID
Hülya,UNPAID
Ömer,UNPAID
Melek,UNPAID
Dilek,UNPAID
Fatma,UNPAID
Hüseyin,UNPAID
Fadime,UNPAID
Hakan,UNPAID
Osman,UNPAID
Emine,UNPAID
Furkan,UNPAID
Songül,UNPAID
Emine,UNPAID
Adem,UNPAID
Hatice,UNPAID
Fadime,UNPAID
Özlem,UNPAID
Serkan,UNPAID
Elif,UNPAID
Enes,UNPAID
Süleyman,UNPAID
Fatma,UNPAID
Süleyman,UNPAID
Yağmur,UNPAID
Elif,UNPAID
Murat,UNPAID
Ömer,UNPAID
Merve,UNPAID
Sevim,UNPAID
Hülya,UNPAID
Ramazan,UNPAID
Yağmur,UNPAID
İbrahim,UNPAID
Kübra,UNPAID
Yağmur,UNPAID
Kübra,UNPAID
Zehra,UNPAID
Songül,UNPAID
Meryem,UNPAID
İbrahim,UNPAID
Yağmur,UNPAID
Hakan,UNPAID
Enes,UNPAID
Emine,UNPAID
Leyla,UNPAID
Kübra,UNPAID
Aysel,UNPAID
Ömer,UNPAID
Dilek,UNPAID
Enes,UNPAID
Süleyman,UNPAID
Leyla,UNPAID
Hülya,UNPAID
Yasemin,UNPAID
Ayşe,UNPAID
Murat,UNPAID
Songül,UNPAID
Yasemin,UNPAID
Halil,UNPAID
Ahmet,UNPAID
Melek,UNPAID
Kadir,UNPAID
Yasemin,UNPAID
Hacer,UNPAID
Özlem,UNPAID
Osman,UNPAID
Hacer,UNPAID
Ali,UNPAID
Hakan,UNPAID
Dilek,UNPAID
Hakan,UNPAID
Yasemin,UNPAID
Merve,UNPAID
Fatih,UNPAID
Havva,UNPAID
Yusuf,UNPAID
Recep,UNPAID
Osman,UNPAID
Mustafa,UNPAID
Mahmut,UNPAID
İsmail,UNPAID
Yağmur,UNPAID
Merve,UNPAID
Kadir,UNPAID
Elif,UNPAID
Murat,UNPAID
Abdullah,UNPAID
Kübra,UNPAID
Büşra,UNPAID
Süleyman,UNPAID
Esra,UNPAID
Hacer,UNPAID
Hasan,UNPAID
Büşra,UNPAID
Ömer,UNPAID
Abdullah,UNPAID
Fatih,UNPAID
Fatma,UNPAID
Hülya,UNPAID
Zehra,UNPAID
Esra,UNPAID
İbrahim,UNPAID
Merve,UNPAID
Sultan,UNPAID
Osman,UNPAID
Zehra,UNPAID
Songül,UNPAID
Meryem,UNPAID
Yasin,UNPAID
Osman,UNPAID
İsmail,UNPAID
Muhammed,UNPAID
Metin,UNPAID
Melek,UNPAID
Aysel,UNPAID
Sevim,UNPAID
Emre,UNPAID
Meryem,UNPAID
Sevim,UNPAID
Melek,UNPAID
Serkan,UNPAID
Aysel,UNPAID
Murat,UNPAID
Osman,UNPAID
Sultan,UNPAID
Esra,UNPAID
Muhammed,UNPAID
Mehmet,UNPAID
Dilek,UNPAID
Yusuf,UNPAID
Muhammed,UNPAID
Abdullah,UNPAID
Emre,UNPAID
Süleyman,UNPAID
Süleyman,UNPAID
Fatma,UNPAID
Yağmur,UNPAID
Aysel,UNPAID
Burak,UNPAID
Hülya,UNPAID
Zehra,UNPAID
Fatma,UNPAID
Hülya,UNPAID
Recep,UNPAID
Fatma,UNPAID
Süleyman,UNPAID
Özlem,UNPAID
Merve,UNPAID
Murat,UNPAID
İsmail,UNPAID
Recep,UNPAID
Fatih,UNPAID
Fadime,UNPAID
Ayşe,UNPAID
Kadir,UNPAID
Halil,UNPAID
Süleyman,UNPAID
Burak,UNPAID
Serkan,UNPAID
Aysel,UNPAID
Mahmut,UNPAID
Ayşe,UNPAID
Recep,UNPAID
Hatice,UNPAID
Merve,UNPAID
Abdullah,UNPAID
Yasemin,UNPAID
Özlem,UNPAID
Dilek,UNPAID
Mustafa,UNPAID
Hakan,UNPAID
Elif,UNPAID
Yasemin,UNPAID
Ayşe,UNPAID
Kübra,UNPAID
İsmail,UNPAID
Mahmut,UNPAID
Ahmet,UNPAID
Ayşegül,UNPAID
Ahmet,UNPAID
Yağmur,UNPAID
Büşra,UNPAID
Hülya,UNPAID
Muhammed,UNPAID
Sevim,UNPAID
Burak,UNPAID
Süleyman,UNPAID
Sevim,UNPAID
İbrahim,UNPAID
Ayşe,UNPAID
Murat,UNPAID
Elif,UNPAID
Sevim,UNPAID
Osman,UNPAID
Burak,UNPAID
Tuğba,UNPAID
Hakan,UNPAID
Emine,UNPAID
Adem,UNPAID
Emine,UNPAID
Metin,UNPAID
Hülya,UNPAID
Dilek,UNPAID
Sultan,UNPAID
Abdullah,UNPAID
Fadime,UNPAID
Meryem,UNPAID
Büşra,UNPAID
Emre,UNPAID
Dilek,UNPAID
Hakan,UNPAID
Kadir,UNPAID
Dilek,UNPAID
Furkan,UNPAID
Recep,UNPAID
Mustafa,UNPAID
Büşra,UNPAID
Yasin,UNPAID
Hasan,UNPAID
Ramazan,UNPAID
Zehra,UNPAID
Metin,UNPAID
Serkan,UNPAID
Serkan,UNPAID
Elif,UNPAID
Kübra,UNPAID
Ahmet,UNPAID
Yağmur,UNPAID
Hülya,UNPAID
Melek,UNPAID
Halil,UNPAID
Zehra,UNPAID
Sevim,UNPAID
Tuğba,UNPAID
Abdullah,UNPAID
Havva,UNPAID
Tuğba,UNPAID
Hacer,UNPAID
Recep,UNPAID
Büşra,UNPAID
Ayşegül,UNPAID
Recep,UNPAID
Aysel,UNPAID
Adem,UNPAID
Emre,UNPAID
Meryem,UNPAID
Adem,UNPAID
Fadime,UNPAID
Sevim,UNPAID
Recep,UNPAID
Zeynep,UNPAID
Yağmur,UNPAID
Metin,UNPAID
Meryem,UNPAID
Rabia,UNPAID
Songül,UNPAID
Emre,UNPAID
Hakan,UNPAID
Fatma,UNPAID
Aysel,UNPAID
Ali,UNPAID
Hasan,UNPAID
Büşra,UNPAID
Dilek,UNPAID
Furkan,UNPAID
Murat,UNPAID
Enes,UNPAID
Ömer,UNPAID
Adem,UNPAID
Fadime,UNPAID
Meryem,UNPAID
İbrahim,UNPAID
Zehra,UNPAID
Metin,UNPAID
Meryem,UNPAID
Mahmut,UNPAID
Adem,UNPAID
İbrahim,UNPAID
Fatih,UNPAID
Fatih,UNPAID
Fadime,UNPAID
Sultan,UNPAID
Leyla,UNPAID
Süleyman,UNPAID
Rabia,UNPAID
Süleyman,UNPAID
Hakan,UNPAID
Hüseyin,UNPAID
Hacer,UNPAID
Muhammed,UNPAID
Ömer,UNPAID
Emine,UNPAID
Aysel,UNPAID
Leyla,UNPAID
Ramazan,UNPAID
Hakan,UNPAID
Fadime,UNPAID
Zehra,UNPAID
Recep,UNPAID
Melek,UNPAID
Hakan,UNPAID
Halil,UNPAID
Fadime,UNPAID
Esra,UNPAID
Zeynep,UNPAID
Dilek,UNPAID
İbrahim,UNPAID
Rabia,UNPAID
Burak,UNPAID
Fadime,UNPAID
Hülya,UNPAID
Emine,UNPAID
Emre,UNPAID
Osman,UNPAID
Yasin,UNPAID
Ahmet,UNPAID
Burak,UNPAID
Ayşe,UNPAID
Yasemin,UNPAID
Zeynep,UNPAID
Yağmur,UNPAID
Abdullah,UNPAID
Mustafa,UNPAID
Büşra,UNPAID
Ayşe,UNPAID
Kübra,UNPAID
Büşra,UNPAID
Mehmet,UNPAID
Tuğba,UNPAID
Süleyman,UNPAID
Yağmur,UNPAID
İsmail,UNPAID
Fadime,UNPAID
Aysel,UNPAID
Hakan,UNPAID
Aysel,UNPAID
Emine,UNPAID
Kübra,UNPAID
Kübra,UNPAID
Yasemin,UNPAID
Emre,UNPAID
Burak,UNPAID
Hasan,UNPAID
Süleyman,UNPAID
Merve,UNPAID
Rabia,UNPAID
Özlem,UNPAID
Leyla,UNPAID
Enes,UNPAID
Hakan,UNPAID
Emine,UNPAID
Zeynep,UNPAID
Murat,UNPAID
Meryem,UNPAID
Ömer,UNPAID
Yusuf,UNPAID
Havva,UNPAID
Aynur,UNPAID
Özlem,UNPAID
Kadir,UNPAID
Merve,UNPAID
Hasan,UNPAID
Adem,UNPAID
Hatice,UNPAID
Fatih,UNPAID
Fatma,UNPAID
Zehra,UNPAID
Mehmet,UNPAID
Emine,UNPAID
Sevim,UNPAID
Recep,UNPAID
Rabia,UNPAID
Aynur,UNPAID
Yasemin,UNPAID
Dilek,UNPAID
Recep,UNPAID
Yasemin,UNPAID
Fatma,UNPAID
Hülya,UNPAID
Rabia,UNPAID
Hüseyin,UNPAID
Büşra,UNPAID
Zehra,UNPAID
Sevim,UNPAID
Furkan,UNPAID
Emre,UNPAID
Fadime,UNPAID
Muhammed,UNPAID
Yağmur,UNPAID
Hakan,UNPAID
Özlem,UNPAID
Yağmur,UNPAID
Murat,UNPAID
Yasin,UNPAID
Fatih,UNPAID
Zehra,UNPAID
Esra,UNPAID
Fatih,UNPAID
Sevim,UNPAID
Rabia,UNPAID
Ömer,UNPAID
Elif,UNPAID
Ramazan,UNPAID
Tuğba,UNPAID
Mehmet,UNPAID
Emre,UNPAID
Mahmut,UNPAID
Ayşegül,UNPAID
Büşra,UNPAID
Ali,UNPAID
Burak,UNPAID
Tuğba,UNPAID
Esra,UNPAID
Süleyman,UNPAID
Ayşegül,UNPAID
Büşra,UNPAID
Hacer,UNPAID
Merve,UNPAID
Sevim,UNPAID
Sevim,UNPAID
Abdullah,UNPAID
Kadir,UNPAID
İsmail,UNPAID
Mustafa,UNPAID
Zehra,UNPAID
Büşra,UNPAID
Melek,UNPAID
Meryem,UNPAID
Büşra,UNPAID
Hülya,UNPAID
Fatih,UNPAID
İsmail,UNPAID
Kübra,UNPAID
Özlem,UNPAID
Merve,UNPAID
Enes,UNPAID
Ramazan,UNPAID
Meryem,UNPAID
Kübra,UNPAID
Fatih,UNPAID
Osman,UNPAID
Özlem,UNPAID
Adem,UNPAID
Abdullah,UNPAID
Kadir,UNPAID
Hacer,UNPAID
Recep,UNPAID
Yasemin,UNPAID
Recep,UNPAID
Süleyman,UNPAID
Serkan,UNPAID
Adem,UNPAID
Hatice,UNPAID
Fadime,UNPAID
Hakan,UNPAID
Ömer,UNPAID
Leyla,UNPAID
Kübra,UNPAID
Serkan,UNPAID
Aysel,UNPAID
Meryem,UNPAID
Leyla,UNPAID
Merve,UNPAID
Rabia,UNPAID
Ramazan,UNPAID
Hüseyin,UNPAID
Meryem,UNPAID
Yağmur,UNPAID
Yasemin,UNPAID
Aysel,UNPAID
Hatice,UNPAID
Yusuf,UNPAID
Rabia,UNPAID
Ali,UNPAID
Burak,UNPAID
Meryem,UNPAID
Fatih,UNPAID
Fatih,UNPAID
Zehra,UNPAID
Enes,UNPAID
Aynur,UNPAID
Murat,UNPAID
Yusuf,UNPAID
Büşra,UNPAID
Dilek,UNPAID
Burak,UNPAID
Fadime,UNPAID
Rabia,UNPAID
Burak,UNPAID
Halil,UNPAID
Merve,UNPAID
Yağmur,UNPAID
Meryem,UNPAID
Yasin,UNPAID
Metin,UNPAID
Sevim,UNPAID
Osman,UNPAID
Songül,UNPAID
Hakan,UNPAID
Sultan,UNPAID
Tuğba,UNPAID
İbrahim,UNPAID
Kübra,UNPAID
Dilek,UNPAID
Mustafa,UNPAID
Tuğba,UNPAID
Songül,UNPAID
Yasin,UNPAID
Kadir,UNPAID
Abdullah,UNPAID
Fadime,UNPAID
Hacer,UNPAID
Elif,UNPAID
Ali,UNPAID
Fatma,UNPAID
Yusuf,UNPAID
Yağmur,UNPAID
Hakan,UNPAID
Esra,UNPAID
Metin,UNPAID
Burak,UNPAID
Yasin,UNPAID
Kübra,UNPAID
Ayşe,UNPAID
Aysel,UNPAID
Süleyman,UNPAID
Hülya,UNPAID
Enes,UNPAID
Hakan,UNPAID
Havva,UNPAID
Hacer,UNPAID
İsmail,UNPAID
Rabia,UNPAID
Enes,UNPAID
Zehra,UNPAID
Hakan,UNPAID
Abdullah,UNPAID
Hatice,UNPAID
İsmail,UNPAID
Havva,UNPAID
Muhammed,UNPAID
Esra,UNPAID
Havva,UNPAID
Emine,UNPAID
Murat,UNPAID
Süleyman,UNPAID
Emine,UNPAID
Fadime,UNPAID
Esra,UNPAID
Rabia,UNPAID
Yusuf,UNPAID
Leyla,UNPAID
Ahmet,UNPAID
Esra,UNPAID
Yasin,UNPAID
Dilek,UNPAID
Ali,UNPAID
Dilek,UNPAID
Yasin,UNPAID
Hatice,UNPAID
Aynur,UNPAID
Zehra,UNPAID
Rabia,UNPAID
Mustafa,UNPAID
Ahmet,UNPAID
Ahmet,UNPAID
Esra,UNPAID
Hatice,UNPAID
Büşra,UNPAID
Osman,UNPAID
İsmail,UNPAID
Yağmur,UNPAID
Osman,UNPAID
Hakan,UNPAID
Mahmut,UNPAID
Burak,UNPAID
Zehra,UNPAID
Fatih,UNPAID
Zeynep,UNPAID
Mustafa,UNPAID
Hülya,UNPAID
Dilek,UNPAID
Zehra,UNPAID
Ramazan,UNPAID
Kübra,UNPAID
Abdullah,UNPAID
Halil,UNPAID
Hülya,UNPAID
Melek,UNPAID
Ayşegül,UNPAID
Zehra,UNPAID
Osman,UNPAID
Zeynep,UNPAID
Fatma,UNPAID
Sevim,UNPAID
Hacer,UNPAID
Abdullah,UNPAID
Ramazan,UNPAID
Zehra,UNPAID
Elif,UNPAID
Elif,UNPAID
Melek,UNPAID
Osman,UNPAID
Hakan,UNPAID
Havva,UNPAID
Aysel,UNPAID
Yusuf,UNPAID
Burak,UNPAID
Zeynep,UNPAID
Fatma,UNPAID
Hasan,UNPAID
Sultan,UNPAID
Fatma,UNPAID
Aynur,UNPAID
Mustafa,UNPAID
Hülya,UNPAID
Muhammed,UNPAID
Abdullah,UNPAID
Hasan,UNPAID
Büşra,UNPAID
Zeynep,UNPAID
Sevim,UNPAID
Özlem,UNPAID
Sultan,UNPAID
Sevim,UNPAID
Melek,UNPAID
Ayşe,UNPAID
Melek,UNPAID
Osman,UNPAID
Fatma,UNPAID
Mustafa,UNPAID
Osman,UNPAID
Fadime,UNPAID
Ayşegül,UNPAID
Fatih,UNPAID
Mustafa,UNPAID
Burak,UNPAID
Kübra,UNPAID
Fadime,UNPAID
Fatma,UNPAID
Fadime,UNPAID
Büşra,UNPAID
Yağmur,UNPAID
Fatih,UNPAID
Rabia,UNPAID
Ahmet,UNPAID
Hakan,UNPAID
Songül,UNPAID
Halil,UNPAID
Recep,UNPAID
Rabia,UNPAID
Dilek,UNPAID
Fatih,UNPAID
Abdullah,UNPAID
Hasan,UNPAID
Adem,UNPAID
Recep,UNPAID
Ayşe,UNPAID
Fatma,UNPAID
Mustafa,UNPAID
Emine,UNPAID
Yusuf,UNPAID
Kübra,UNPAID
Abdullah,UNPAID
Zeynep,UNPAID
Ayşegül,UNPAID
Meryem,UNPAID
Aysel,UNPAID
Fatih,UNPAID
İsmail,UNPAID
Ali,UNPAID
Fatih,UNPAID
Yasin,UNPAID
Dilek,UNPAID
Melek,UNPAID
Aysel,UNPAID
Esra,UNPAID
Yusuf,UNPAID
Ayşegül,UNPAID
Zeynep,UNPAID
Hacer,UNPAID
Dilek,UNPAID
Muhammed,UNPAID
Leyla,UNPAID
Enes,UNPAID
Hasan,UNPAID
Havva,UNPAID
Murat,UNPAID
Murat,UNPAID
Serkan,UNPAID
Yasemin,UNPAID
Sevim,UNPAID
Furkan,UNPAID
Merve,UNPAID
Halil,UNPAID
Hülya,UNPAID
Leyla,UNPAID
Sultan,UNPAID
Emre,UNPAID
Metin,UNPAID
Murat,UNPAID
Fatih,UNPAID
Meryem,UNPAID
Ahmet,UNPAID
Kübra,UNPAID
Hasan,UNPAID
Muhammed,UNPAID
Zehra,UNPAID
Meryem,UNPAID
Yasemin,UNPAID
Mustafa,UNPAID
Ahmet,UNPAID
İbrahim,UNPAID
Mustafa,UNPAID
Zeynep,UNPAID
Murat,UNPAID
Yasemin,UNPAID
Büşra,UNPAID
Ahmet,UNPAID
Fadime,UNPAID
Metin,UNPAID
Ayşe,UNPAID
Aysel,UNPAID
Enes,UNPAID
Halil,UNPAID
Mustafa,UNPAID
Furkan,UNPAID
Emine,UNPAID
Büşra,UNPAID
Süleyman,UNPAID
Hacer,UNPAID
Murat,UNPAID
Fatih,UNPAID
Aysel,UNPAID
Rabia,UNPAID
Merve,UNPAID
Fadime,UNPAID
Rabia,UNPAID
Mahmut,UNPAID
Özlem,UNPAID
Yasin,UNPAID
Yasemin,UNPAID
Rabia,UNPAID
Ali,UNPAID
Tuğba,UNPAID
Mustafa,UNPAID
Fatma,UNPAID
Enes,UNPAID
İsmail,UNPAID
Rabia,UNPAID
Hacer,UNPAID
Fadime,UNPAID
Fadime,UNPAID
Murat,UNPAID
Yusuf,UNPAID
Burak,UNPAID
Fadime,UNPAID
Aysel,UNPAID
Sultan,UNPAID
İsmail,UNPAID
Dilek,UNPAID
Elif,UNPAID
Enes,UNPAID
Yasemin,UNPAID
Ayşegül,UNPAID
Mahmut,UNPAID
Mehmet,UNPAID
Meryem,UNPAID
Ayşe,UNPAID
Adem,UNPAID
Fadime,UNPAID
İbrahim,UNPAID
Yasin,UNPAID
Kadir,UNPAID
Serkan,UNPAID
Sultan,UNPAID
Havva,UNPAID
Osman,UNPAID
Osman,UNPAID
Özlem,UNPAID
Ramazan,UNPAID
Hatice,UNPAID
Sevim,UNPAID
Adem,UNPAID
Enes,UNPAID
Serkan,UNPAID
Özlem,UNPAID
Fadime,UNPAID
Yasin,UNPAID
Fatih,UNPAID
Hatice,UNPAID
Fadime,UNPAID
İbrahim,UNPAID
Yağmur,UNPAID
Yasemin,UNPAID
Hülya,UNPAID
Melek,UNPAID
Yasemin,UNPAID
Tuğba,UNPAID
